age_grp,Count,Notes,Rate
0-1,13.0,*,3.1
0-1,6.0,*,2.16
0-1,11.0,*,1.98
0-1,27.0,,3.8
0-1,11.0,*,4.69
0-1,18.0,*,5.84
0-1,6.0,*,2.47
0-1,11.0,*,5.13
0-1,51.0,,1.68
0-1,82.0,,4.55
0-1,53.0,,6.23
0-1,7.0,*,4.29
0-1,28.0,,3.67
0-1,34.0,,5.51
0-1,41.0,,2.98
0-1,5.0,*,4.19
0-1,43.0,,2.35
0-1,14.0,*,5.68
0-1,5.0,*,3.83
0-1,35.0,,2.36
0-1,0.0,,0.0
0-1,0.0,,0.0
0-1,0.0,,0.0
0-1,0.0,,0.0
0-1,0.0,,0.0
0-1,0.0,,0.0
0-1,0.0,,0.0
0-1,0.0,,0.0
0-1,0.0,,0.0
0-1,0.0,,0.0
0-1,0.0,,0.0
0-1,0.0,,0.0
0-1,0.0,,0.0
0-1,0.0,,0.0
0-1,0.0,,0.0
0-1,0.0,,0.0
0-1,0.0,,0.0
0-1,0.0,,0.0
0-1,0.0,,0.0
0-1,0.0,,0.0
0-1,0.0,,0.0
0-1,0.0,,0.0
0-1,0.0,,0.0
0-1,0.0,,0.0
0-1,0.0,,0.0
0-1,0.0,,0.0
0-1,0.0,,0.0
0-1,0.0,,0.0
0-1,0.0,,0.0
0-1,0.0,,0.0
0-1,0.0,,0.0
0-1,136.0,,2.96
0-1,17.0,*,4.63
0-1,49.0,,3.43
0-1,14.0,*,4.72
0-1,14.0,*,3.06
0-1,7.0,*,6.1
0-1,8.0,*,2.49
0-1,8.0,*,4.42
0-1,7.0,*,4.22
0-1,12.0,*,4.43
0-1,39.0,,5.57
0-1,57.0,,2.94
0-1,9.0,*,3.69
0-1,9.0,*,2.99
0-1,9.0,*,2.92
0-1,9.0,*,2.8
0-1,12.0,*,3.67
0-1,6.0,*,1.74
0-1,10.0,*,2.93
0-1,11.0,*,2.91
0-1,8.0,*,2.19
0-1,6.0,*,1.69
0-1,5.0,*,1.42
0-1,18.0,*,5.07
0-1,5.0,*,1.4
0-1,11.0,*,3.14
0-1,0.0,,0.0
0-1,5.0,*,1.4
0-1,9.0,*,2.99
0-1,9.0,*,2.92
0-1,9.0,*,2.8
0-1,12.0,*,3.67
0-1,6.0,*,1.74
0-1,10.0,*,2.93
0-1,11.0,*,2.91
0-1,8.0,*,2.19
0-1,6.0,*,1.69
0-1,5.0,*,1.42
0-1,18.0,*,5.07
0-1,5.0,*,1.4
0-1,11.0,*,3.14
0-1,0.0,,0.0
0-1,5.0,*,1.4
0-1,124.0,,2.4
0-1,7.0,*,3.4
0-1,8.0,*,4.76
0-1,13.0,*,3.21
0-1,42.0,,5.33
0-1,11.0,*,6.08
0-1,33.0,,3.26
0-1,30.0,,2.96
0-1,35.0,,3.45
0-1,32.0,,3.1
0-1,26.0,,2.51
0-1,15.0,*,1.4
0-1,32.0,,3.01
0-1,24.0,,2.29
0-1,23.0,,2.22
0-1,36.0,,3.69
0-1,21.0,,2.19
0-1,29.0,,3.01
0-1,33.0,,3.48
0-1,22.0,,2.31
0-1,25.0,,2.68
0-1,33.0,,3.26
0-1,30.0,,2.96
0-1,35.0,,3.45
0-1,32.0,,3.1
0-1,26.0,,2.51
0-1,15.0,*,1.4
0-1,32.0,,3.01
0-1,24.0,,2.29
0-1,23.0,,2.22
0-1,36.0,,3.69
0-1,21.0,,2.19
0-1,29.0,,3.01
0-1,33.0,,3.48
0-1,22.0,,2.31
0-1,25.0,,2.68
0-1,416.0,,2.76
0-1,76.0,,2.9
0-1,90.0,,2.17
0-1,31.0,,2.83
0-1,47.0,,6.55
0-1,27.0,,4.49
0-1,22.0,,2.92
0-1,42.0,,3.93
0-1,10.0,*,4.26
0-1,8.0,*,3.19
0-1,5.0,*,1.8
0-1,7.0,*,3.17
0-1,19.0,*,3.27
0-1,10.0,*,1.97
0-1,16.0,*,3.39
0-1,12.0,*,4.4
0-1,10.0,*,3.17
0-1,9.0,*,4.01
0-1,9.0,*,2.32
0-1,15.0,*,4.13
0-1,42.0,,3.77
0-1,6.0,*,1.71
0-1,14.0,*,3.07
0-1,11.0,*,3.11
0-1,39.0,,4.35
0-1,38.0,,4.69
0-1,11.0,*,3.27
0-1,41.0,,2.48
0-1,18.0,*,3.15
0-1,12.0,*,1.06
0-1,7.0,*,4.57
0-1,17.0,*,3.58
0-1,11.0,*,2.67
0-1,26.0,,9.63
0-1,23.0,,5.15
0-1,7.0,*,6.54
0-1,23.0,,2.72
0-1,133.0,,1.96
0-1,8.0,*,5.75
0-1,68.0,,5.92
0-1,20.0,,3.8
0-1,17.0,*,3.3
0-1,9.0,*,1.71
0-1,14.0,*,2.68
0-1,11.0,*,2.17
0-1,14.0,*,2.61
0-1,12.0,*,2.26
0-1,15.0,*,2.77
0-1,14.0,*,2.73
0-1,16.0,*,3.3
0-1,9.0,*,1.82
0-1,15.0,*,3.19
0-1,22.0,,4.69
0-1,9.0,*,1.92
0-1,9.0,*,1.96
0-1,20.0,,3.8
0-1,17.0,*,3.3
0-1,9.0,*,1.71
0-1,14.0,*,2.68
0-1,11.0,*,2.17
0-1,14.0,*,2.61
0-1,12.0,*,2.26
0-1,15.0,*,2.77
0-1,14.0,*,2.73
0-1,16.0,*,3.3
0-1,9.0,*,1.82
0-1,15.0,*,3.19
0-1,22.0,,4.69
0-1,9.0,*,1.92
0-1,9.0,*,1.96
0-1,206.0,,2.72
0-1,35.0,,2.82
0-1,21.0,,1.73
0-1,25.0,,2.05
0-1,24.0,,1.97
0-1,28.0,,2.33
0-1,33.0,,2.65
0-1,29.0,,2.35
0-1,28.0,,2.3
0-1,27.0,,2.29
0-1,18.0,*,1.55
0-1,33.0,,2.77
0-1,29.0,,2.51
0-1,31.0,,2.69
0-1,18.0,*,1.54
0-1,33.0,,2.83
0-1,35.0,,2.82
0-1,21.0,,1.73
0-1,25.0,,2.05
0-1,24.0,,1.97
0-1,28.0,,2.33
0-1,33.0,,2.65
0-1,29.0,,2.35
0-1,28.0,,2.3
0-1,27.0,,2.29
0-1,18.0,*,1.55
0-1,33.0,,2.77
0-1,29.0,,2.51
0-1,31.0,,2.69
0-1,18.0,*,1.54
0-1,33.0,,2.83
0-1,412.0,,2.29
0-1,9.0,*,3.25
0-1,28.0,,5.24
0-1,9.0,*,2.15
0-1,5.0,*,3.55
0-1,39.0,,4.22
0-1,27.0,,6.1
0-1,11.0,*,2.71
0-1,17.0,*,2.77
0-1,30.0,,6.24
0-1,12.0,*,5.52
0-1,12.0,*,1.51
0-1,0.0,,0.0
0-1,0.0,,0.0
0-1,0.0,,0.0
0-1,0.0,,0.0
0-1,0.0,,0.0
0-1,0.0,,0.0
0-1,0.0,,0.0
0-1,0.0,,0.0
0-1,0.0,,0.0
0-1,0.0,,0.0
0-1,0.0,,0.0
0-1,0.0,,0.0
0-1,0.0,,0.0
0-1,0.0,,0.0
0-1,0.0,,0.0
0-1,0.0,,0.0
0-1,0.0,,0.0
0-1,0.0,,0.0
0-1,0.0,,0.0
0-1,0.0,,0.0
0-1,0.0,,0.0
0-1,0.0,,0.0
0-1,0.0,,0.0
0-1,0.0,,0.0
0-1,0.0,,0.0
0-1,0.0,,0.0
0-1,0.0,,0.0
0-1,0.0,,0.0
0-1,0.0,,0.0
0-1,0.0,,0.0
0-1,0.0,,0.0
0-1,11.0,*,2.87
0-1,258.0,,3.43
0-1,258.0,,3.43
0-1,231.0,,3.0
0-1,231.0,,2.97
0-1,256.0,,3.26
0-1,196.0,,2.41
0-1,210.0,,2.56
0-1,228.0,,2.82
0-1,217.0,,2.75
0-1,246.0,,3.21
0-1,215.0,,2.83
0-1,225.0,,2.98
0-1,235.0,,3.12
0-1,181.0,,2.41
0-1,213.0,,2.84
0-1,258.0,,3.43
0-1,258.0,,3.43
0-1,231.0,,3.0
0-1,231.0,,2.97
0-1,256.0,,3.26
0-1,196.0,,2.41
0-1,210.0,,2.56
0-1,228.0,,2.82
0-1,217.0,,2.75
0-1,246.0,,3.21
0-1,215.0,,2.83
0-1,225.0,,2.98
0-1,235.0,,3.12
0-1,181.0,,2.41
0-1,213.0,,2.84
0-1,3400.0,,2.93
0-1,258.0,,3.43
0-1,258.0,,3.43
0-1,232.0,,3.01
0-1,231.0,,2.97
0-1,256.0,,3.26
0-1,196.0,,2.41
0-1,210.0,,2.56
0-1,228.0,,2.82
0-1,217.0,,2.75
0-1,246.0,,3.21
0-1,215.0,,2.83
0-1,225.0,,2.98
0-1,236.0,,3.14
0-1,181.0,,2.41
0-1,213.0,,2.84
0-1,258.0,,3.43
0-1,258.0,,3.43
0-1,232.0,,3.01
0-1,231.0,,2.97
0-1,256.0,,3.26
0-1,196.0,,2.41
0-1,210.0,,2.56
0-1,228.0,,2.82
0-1,217.0,,2.75
0-1,246.0,,3.21
0-1,215.0,,2.83
0-1,225.0,,2.98
0-1,236.0,,3.14
0-1,181.0,,2.41
0-1,213.0,,2.84
0-1,3402.0,,2.93
1-4,152.0,,9.75
1-4,48.0,,4.19
1-4,29.0,,7.73
1-4,11.0,*,8.51
1-4,8.0,*,6.42
1-4,7.0,*,5.79
1-4,9.0,*,6.78
1-4,12.0,*,8.67
1-4,12.0,*,8.74
1-4,16.0,*,11.39
1-4,13.0,*,9.4
1-4,18.0,*,12.95
1-4,14.0,*,10.3
1-4,12.0,*,9.05
1-4,16.0,*,12.13
1-4,10.0,*,7.83
1-4,11.0,*,8.93
1-4,11.0,*,8.8
1-4,11.0,*,8.51
1-4,8.0,*,6.42
1-4,7.0,*,5.79
1-4,9.0,*,6.78
1-4,12.0,*,8.67
1-4,12.0,*,8.74
1-4,16.0,*,11.39
1-4,13.0,*,9.4
1-4,18.0,*,12.95
1-4,14.0,*,10.3
1-4,12.0,*,9.05
1-4,16.0,*,12.13
1-4,10.0,*,7.83
1-4,11.0,*,8.93
1-4,11.0,*,8.8
1-4,180.0,,9.1
1-4,16.0,*,8.75
1-4,11.0,*,6.1
1-4,18.0,*,9.56
1-4,26.0,,14.18
1-4,25.0,,13.03
1-4,16.0,*,8.59
1-4,17.0,*,9.07
1-4,29.0,,14.8
1-4,18.0,*,9.66
1-4,21.0,,11.25
1-4,25.0,,13.56
1-4,21.0,,11.49
1-4,17.0,*,9.06
1-4,13.0,*,6.96
1-4,15.0,*,8.43
1-4,16.0,*,8.75
1-4,11.0,*,6.1
1-4,18.0,*,9.56
1-4,26.0,,14.18
1-4,25.0,,13.03
1-4,16.0,*,8.59
1-4,17.0,*,9.07
1-4,29.0,,14.8
1-4,18.0,*,9.66
1-4,21.0,,11.25
1-4,25.0,,13.56
1-4,21.0,,11.49
1-4,17.0,*,9.06
1-4,13.0,*,6.96
1-4,15.0,*,8.43
1-4,288.0,,10.33
1-4,100.0,,9.85
1-4,139.0,,10.67
1-4,69.0,,7.12
1-4,71.0,,7.8
1-4,41.0,,6.04
1-4,32.0,,4.76
1-4,38.0,,5.64
1-4,40.0,,5.78
1-4,59.0,,8.27
1-4,39.0,,5.32
1-4,39.0,,5.18
1-4,43.0,,5.53
1-4,49.0,,6.3
1-4,36.0,,4.42
1-4,50.0,,6.17
1-4,43.0,,5.32
1-4,35.0,,4.34
1-4,40.0,,4.88
1-4,46.0,,5.42
1-4,41.0,,6.04
1-4,32.0,,4.76
1-4,38.0,,5.64
1-4,40.0,,5.78
1-4,59.0,,8.27
1-4,39.0,,5.32
1-4,39.0,,5.18
1-4,43.0,,5.53
1-4,49.0,,6.3
1-4,36.0,,4.42
1-4,50.0,,6.17
1-4,43.0,,5.32
1-4,35.0,,4.34
1-4,40.0,,4.88
1-4,46.0,,5.42
1-4,630.0,,5.54
1-4,48.0,,11.13
1-4,29.0,,6.82
1-4,54.0,,12.68
1-4,26.0,,6.04
1-4,29.0,,6.73
1-4,42.0,,9.91
1-4,27.0,,6.04
1-4,45.0,,9.52
1-4,53.0,,10.95
1-4,45.0,,9.22
1-4,46.0,,9.33
1-4,43.0,,8.81
1-4,53.0,,10.82
1-4,47.0,,9.67
1-4,38.0,,8.08
1-4,48.0,,11.13
1-4,29.0,,6.82
1-4,54.0,,12.68
1-4,26.0,,6.04
1-4,29.0,,6.73
1-4,42.0,,9.91
1-4,27.0,,6.04
1-4,45.0,,9.52
1-4,53.0,,10.95
1-4,45.0,,9.22
1-4,46.0,,9.33
1-4,43.0,,8.81
1-4,53.0,,10.82
1-4,47.0,,9.67
1-4,38.0,,8.08
1-4,625.0,,9.08
1-4,31.0,,15.14
1-4,27.0,,12.44
1-4,29.0,,13.77
1-4,32.0,,14.84
1-4,32.0,,14.82
1-4,31.0,,14.2
1-4,30.0,,13.41
1-4,44.0,,20.43
1-4,31.0,,13.88
1-4,24.0,,10.81
1-4,37.0,,17.05
1-4,25.0,,11.8
1-4,23.0,,10.3
1-4,30.0,,13.09
1-4,20.0,,8.93
1-4,31.0,,15.14
1-4,27.0,,12.44
1-4,29.0,,13.77
1-4,32.0,,14.84
1-4,32.0,,14.82
1-4,31.0,,14.2
1-4,30.0,,13.41
1-4,44.0,,20.43
1-4,31.0,,13.88
1-4,24.0,,10.81
1-4,37.0,,17.05
1-4,25.0,,11.8
1-4,23.0,,10.3
1-4,30.0,,13.09
1-4,20.0,,8.93
1-4,446.0,,13.63
1-4,70.0,,9.98
1-4,13.0,*,6.12
1-4,14.0,*,6.6
1-4,22.0,,10.61
1-4,14.0,*,6.88
1-4,11.0,*,5.1
1-4,22.0,,10.13
1-4,21.0,,9.79
1-4,18.0,*,8.16
1-4,18.0,*,8.25
1-4,27.0,,12.74
1-4,22.0,,10.57
1-4,16.0,*,7.84
1-4,16.0,*,7.96
1-4,22.0,,10.86
1-4,17.0,*,8.28
1-4,13.0,*,6.12
1-4,14.0,*,6.6
1-4,22.0,,10.61
1-4,14.0,*,6.88
1-4,11.0,*,5.1
1-4,22.0,,10.13
1-4,21.0,,9.79
1-4,18.0,*,8.16
1-4,18.0,*,8.25
1-4,27.0,,12.74
1-4,22.0,,10.57
1-4,16.0,*,7.84
1-4,16.0,*,7.96
1-4,22.0,,10.86
1-4,17.0,*,8.28
1-4,273.0,,8.65
1-4,16.0,*,11.52
1-4,17.0,*,11.85
1-4,16.0,*,11.51
1-4,26.0,,16.74
1-4,12.0,*,7.68
1-4,12.0,*,7.38
1-4,16.0,*,9.42
1-4,16.0,*,9.21
1-4,19.0,*,10.96
1-4,15.0,*,8.67
1-4,12.0,*,6.95
1-4,13.0,*,7.65
1-4,10.0,*,6.07
1-4,10.0,*,6.31
1-4,14.0,*,8.81
1-4,16.0,*,11.52
1-4,17.0,*,11.85
1-4,16.0,*,11.51
1-4,26.0,,16.74
1-4,12.0,*,7.68
1-4,12.0,*,7.38
1-4,16.0,*,9.42
1-4,16.0,*,9.21
1-4,19.0,*,10.96
1-4,15.0,*,8.67
1-4,12.0,*,6.95
1-4,13.0,*,7.65
1-4,10.0,*,6.07
1-4,10.0,*,6.31
1-4,14.0,*,8.81
1-4,224.0,,9.29
1-4,26.0,,8.12
1-4,29.0,,8.61
1-4,27.0,,8.04
1-4,21.0,,6.06
1-4,21.0,,6.12
1-4,17.0,*,4.76
1-4,19.0,*,5.28
1-4,28.0,,7.76
1-4,17.0,*,4.58
1-4,27.0,,7.11
1-4,16.0,*,4.29
1-4,23.0,,6.21
1-4,23.0,,6.33
1-4,12.0,*,3.31
1-4,27.0,,7.39
1-4,26.0,,8.12
1-4,29.0,,8.61
1-4,27.0,,8.04
1-4,21.0,,6.06
1-4,21.0,,6.12
1-4,17.0,*,4.76
1-4,19.0,*,5.28
1-4,28.0,,7.76
1-4,17.0,*,4.58
1-4,27.0,,7.11
1-4,16.0,*,4.29
1-4,23.0,,6.21
1-4,23.0,,6.33
1-4,12.0,*,3.31
1-4,27.0,,7.39
1-4,333.0,,6.23
1-4,59.0,,8.63
1-4,64.0,,13.27
1-4,44.0,,8.69
1-4,25.0,,4.93
1-4,35.0,,6.9
1-4,39.0,,7.59
1-4,25.0,,4.82
1-4,40.0,,7.7
1-4,61.0,,11.43
1-4,49.0,,9.09
1-4,48.0,,8.88
1-4,31.0,,5.65
1-4,37.0,,6.89
1-4,28.0,,5.39
1-4,20.0,,4.05
1-4,25.0,,5.12
1-4,24.0,,4.85
1-4,44.0,,8.69
1-4,25.0,,4.93
1-4,35.0,,6.9
1-4,39.0,,7.59
1-4,25.0,,4.82
1-4,40.0,,7.7
1-4,61.0,,11.43
1-4,49.0,,9.09
1-4,48.0,,8.88
1-4,31.0,,5.65
1-4,37.0,,6.89
1-4,28.0,,5.39
1-4,20.0,,4.05
1-4,25.0,,5.12
1-4,24.0,,4.85
1-4,531.0,,6.84
1-4,6.0,*,8.88
1-4,5.0,*,8.08
1-4,6.0,*,9.87
1-4,13.0,*,21.35
1-4,7.0,*,10.59
1-4,5.0,*,7.35
1-4,9.0,*,13.29
1-4,8.0,*,11.8
1-4,7.0,*,10.22
1-4,7.0,*,10.42
1-4,9.0,*,14.63
1-4,8.0,*,13.58
1-4,8.0,*,13.18
1-4,7.0,*,11.46
1-4,5.0,*,8.14
1-4,6.0,*,8.88
1-4,5.0,*,8.08
1-4,6.0,*,9.87
1-4,13.0,*,21.35
1-4,7.0,*,10.59
1-4,5.0,*,7.35
1-4,9.0,*,13.29
1-4,8.0,*,11.8
1-4,7.0,*,10.22
1-4,7.0,*,10.42
1-4,9.0,*,14.63
1-4,8.0,*,13.58
1-4,8.0,*,13.18
1-4,7.0,*,11.46
1-4,5.0,*,8.14
1-4,110.0,,11.46
1-4,29.0,,5.22
1-4,11.0,*,3.08
1-4,17.0,*,4.78
1-4,18.0,*,5.04
1-4,20.0,,5.36
1-4,14.0,*,3.6
1-4,15.0,*,3.58
1-4,42.0,,9.58
1-4,22.0,,4.77
1-4,29.0,,6.12
1-4,18.0,*,3.87
1-4,24.0,,5.25
1-4,15.0,*,3.34
1-4,20.0,,4.55
1-4,11.0,*,2.57
1-4,16.0,*,3.82
1-4,11.0,*,3.08
1-4,17.0,*,4.78
1-4,18.0,*,5.04
1-4,20.0,,5.36
1-4,14.0,*,3.6
1-4,15.0,*,3.58
1-4,42.0,,9.58
1-4,22.0,,4.77
1-4,29.0,,6.12
1-4,18.0,*,3.87
1-4,24.0,,5.25
1-4,15.0,*,3.34
1-4,20.0,,4.55
1-4,11.0,*,2.57
1-4,16.0,*,3.82
1-4,292.0,,4.65
1-4,21.0,,3.86
1-4,78.0,,7.19
1-4,88.0,,7.81
1-4,91.0,,8.1
1-4,90.0,,7.77
1-4,76.0,,6.46
1-4,84.0,,7.0
1-4,108.0,,8.8
1-4,84.0,,6.73
1-4,83.0,,6.38
1-4,84.0,,6.38
1-4,85.0,,6.59
1-4,83.0,,6.64
1-4,82.0,,6.63
1-4,68.0,,5.58
1-4,74.0,,6.11
1-4,78.0,,7.19
1-4,88.0,,7.81
1-4,91.0,,8.1
1-4,90.0,,7.77
1-4,76.0,,6.46
1-4,84.0,,7.0
1-4,108.0,,8.8
1-4,84.0,,6.73
1-4,83.0,,6.38
1-4,84.0,,6.38
1-4,85.0,,6.59
1-4,83.0,,6.64
1-4,82.0,,6.63
1-4,68.0,,5.58
1-4,74.0,,6.11
1-4,1258.0,,6.92
1-4,6.0,*,5.88
1-4,7.0,*,6.79
1-4,8.0,*,7.48
1-4,14.0,*,12.64
1-4,5.0,*,4.84
1-4,6.0,*,5.81
1-4,10.0,*,9.34
1-4,14.0,*,13.17
1-4,12.0,*,11.37
1-4,8.0,*,7.39
1-4,9.0,*,8.93
1-4,5.0,*,5.12
1-4,12.0,*,12.07
1-4,7.0,*,7.34
1-4,11.0,*,11.73
1-4,6.0,*,5.88
1-4,7.0,*,6.79
1-4,8.0,*,7.48
1-4,14.0,*,12.64
1-4,5.0,*,4.84
1-4,6.0,*,5.81
1-4,10.0,*,9.34
1-4,14.0,*,13.17
1-4,12.0,*,11.37
1-4,8.0,*,7.39
1-4,9.0,*,8.93
1-4,5.0,*,5.12
1-4,12.0,*,12.07
1-4,7.0,*,7.34
1-4,11.0,*,11.73
1-4,134.0,,8.68
1-4,27.0,,7.49
1-4,26.0,,7.05
1-4,33.0,,8.9
1-4,20.0,,5.29
1-4,20.0,,5.12
1-4,37.0,,9.46
1-4,29.0,,7.34
1-4,19.0,*,4.6
1-4,33.0,,8.0
1-4,23.0,,5.6
1-4,22.0,,5.38
1-4,33.0,,8.51
1-4,23.0,,6.05
1-4,20.0,,5.3
1-4,37.0,,9.62
1-4,27.0,,7.49
1-4,26.0,,7.05
1-4,33.0,,8.9
1-4,20.0,,5.29
1-4,20.0,,5.12
1-4,37.0,,9.46
1-4,29.0,,7.34
1-4,19.0,*,4.6
1-4,33.0,,8.0
1-4,23.0,,5.6
1-4,22.0,,5.38
1-4,33.0,,8.51
1-4,23.0,,6.05
1-4,20.0,,5.3
1-4,37.0,,9.62
1-4,402.0,,6.89
1-4,88.0,,7.42
1-4,182.0,,9.48
1-4,35.0,,7.46
1-4,100.0,,7.94
1-4,51.0,,7.25
1-4,61.0,,8.97
1-4,147.0,,13.18
1-4,29.0,,3.05
1-4,36.0,,18.88
1-4,31.0,,16.15
1-4,35.0,,19.08
1-4,33.0,,18.01
1-4,33.0,,18.26
1-4,35.0,,19.62
1-4,31.0,,17.82
1-4,18.0,*,10.21
1-4,29.0,,16.79
1-4,33.0,,18.93
1-4,39.0,,21.8
1-4,37.0,,20.15
1-4,33.0,,18.17
1-4,29.0,,15.94
1-4,23.0,,12.41
1-4,36.0,,18.88
1-4,31.0,,16.15
1-4,35.0,,19.08
1-4,33.0,,18.01
1-4,33.0,,18.26
1-4,35.0,,19.62
1-4,31.0,,17.82
1-4,18.0,*,10.21
1-4,29.0,,16.79
1-4,33.0,,18.93
1-4,39.0,,21.8
1-4,37.0,,20.15
1-4,33.0,,18.17
1-4,29.0,,15.94
1-4,23.0,,12.41
1-4,475.0,,17.48
1-4,25.0,,4.85
1-4,37.0,,7.08
1-4,36.0,,6.87
1-4,34.0,,6.45
1-4,31.0,,5.8
1-4,27.0,,5.14
1-4,32.0,,6.08
1-4,43.0,,8.15
1-4,53.0,,10.16
1-4,47.0,,8.95
1-4,66.0,,12.63
1-4,56.0,,10.86
1-4,54.0,,10.49
1-4,34.0,,6.66
1-4,41.0,,8.22
1-4,25.0,,4.85
1-4,37.0,,7.08
1-4,36.0,,6.87
1-4,34.0,,6.45
1-4,31.0,,5.8
1-4,27.0,,5.14
1-4,32.0,,6.08
1-4,43.0,,8.15
1-4,53.0,,10.16
1-4,47.0,,8.95
1-4,66.0,,12.63
1-4,56.0,,10.86
1-4,54.0,,10.49
1-4,34.0,,6.66
1-4,41.0,,8.22
1-4,616.0,,7.88
1-4,63.0,,6.29
1-4,40.0,,7.46
1-4,80.0,,6.84
1-4,54.0,,4.62
1-4,75.0,,6.37
1-4,95.0,,7.91
1-4,103.0,,8.48
1-4,109.0,,8.65
1-4,97.0,,7.61
1-4,87.0,,6.66
1-4,116.0,,8.59
1-4,97.0,,7.15
1-4,112.0,,8.19
1-4,101.0,,7.37
1-4,81.0,,5.87
1-4,62.0,,4.49
1-4,59.0,,4.24
1-4,80.0,,6.84
1-4,54.0,,4.62
1-4,75.0,,6.37
1-4,95.0,,7.91
1-4,103.0,,8.48
1-4,109.0,,8.65
1-4,97.0,,7.61
1-4,87.0,,6.66
1-4,116.0,,8.59
1-4,97.0,,7.15
1-4,112.0,,8.19
1-4,101.0,,7.37
1-4,81.0,,5.87
1-4,62.0,,4.49
1-4,59.0,,4.24
1-4,1328.0,,6.86
1-4,76.0,,9.52
1-4,51.0,,7.04
1-4,19.0,*,17.66
1-4,12.0,*,11.42
1-4,10.0,*,8.92
1-4,5.0,*,4.48
1-4,10.0,*,9.29
1-4,11.0,*,10.05
1-4,16.0,*,14.71
1-4,12.0,*,11.35
1-4,11.0,*,10.67
1-4,7.0,*,6.49
1-4,8.0,*,7.62
1-4,9.0,*,8.76
1-4,12.0,*,11.35
1-4,7.0,*,6.57
1-4,8.0,*,7.56
1-4,19.0,*,17.66
1-4,12.0,*,11.42
1-4,10.0,*,8.92
1-4,5.0,*,4.48
1-4,10.0,*,9.29
1-4,11.0,*,10.05
1-4,16.0,*,14.71
1-4,12.0,*,11.35
1-4,11.0,*,10.67
1-4,7.0,*,6.49
1-4,8.0,*,7.62
1-4,9.0,*,8.76
1-4,12.0,*,11.35
1-4,7.0,*,6.57
1-4,8.0,*,7.56
1-4,157.0,,9.78
1-4,33.0,,6.74
1-4,27.0,,8.94
1-4,66.0,,9.24
1-4,12.0,*,5.92
1-4,29.0,,14.61
1-4,17.0,*,8.47
1-4,23.0,,11.25
1-4,25.0,,12.01
1-4,20.0,,9.7
1-4,24.0,,11.27
1-4,31.0,,14.01
1-4,24.0,,10.67
1-4,30.0,,12.9
1-4,37.0,,16.07
1-4,24.0,,10.58
1-4,36.0,,16.3
1-4,36.0,,16.85
1-4,21.0,,10.22
1-4,12.0,*,5.92
1-4,29.0,,14.61
1-4,17.0,*,8.47
1-4,23.0,,11.25
1-4,25.0,,12.01
1-4,20.0,,9.7
1-4,24.0,,11.27
1-4,31.0,,14.01
1-4,24.0,,10.67
1-4,30.0,,12.9
1-4,37.0,,16.07
1-4,24.0,,10.58
1-4,36.0,,16.3
1-4,36.0,,16.85
1-4,21.0,,10.22
1-4,389.0,,12.12
1-4,77.0,,10.08
1-4,237.0,,6.56
1-4,240.0,,6.53
1-4,244.0,,6.54
1-4,271.0,,7.23
1-4,260.0,,6.87
1-4,234.0,,6.23
1-4,244.0,,6.48
1-4,226.0,,6.07
1-4,266.0,,7.14
1-4,279.0,,7.32
1-4,255.0,,6.74
1-4,242.0,,6.44
1-4,248.0,,6.65
1-4,212.0,,5.7
1-4,202.0,,5.4
1-4,237.0,,6.56
1-4,240.0,,6.53
1-4,244.0,,6.54
1-4,271.0,,7.23
1-4,260.0,,6.87
1-4,234.0,,6.23
1-4,244.0,,6.48
1-4,226.0,,6.07
1-4,266.0,,7.14
1-4,279.0,,7.32
1-4,255.0,,6.74
1-4,242.0,,6.44
1-4,248.0,,6.65
1-4,212.0,,5.7
1-4,202.0,,5.4
1-4,3660.0,,6.53
1-4,44.0,,7.17
1-4,41.0,,6.41
1-4,61.0,,9.32
1-4,58.0,,8.74
1-4,63.0,,9.43
1-4,61.0,,8.96
1-4,78.0,,11.42
1-4,57.0,,8.07
1-4,85.0,,11.78
1-4,77.0,,10.72
1-4,70.0,,9.69
1-4,60.0,,8.8
1-4,56.0,,8.31
1-4,48.0,,7.14
1-4,34.0,,5.13
1-4,44.0,,7.17
1-4,41.0,,6.41
1-4,61.0,,9.32
1-4,58.0,,8.74
1-4,63.0,,9.43
1-4,61.0,,8.96
1-4,78.0,,11.42
1-4,57.0,,8.07
1-4,85.0,,11.78
1-4,77.0,,10.72
1-4,70.0,,9.69
1-4,60.0,,8.8
1-4,56.0,,8.31
1-4,48.0,,7.14
1-4,34.0,,5.13
1-4,893.0,,8.79
1-4,59.0,,5.14
1-4,64.0,,5.69
1-4,56.0,,5.05
1-4,58.0,,5.13
1-4,87.0,,7.73
1-4,66.0,,5.72
1-4,55.0,,4.67
1-4,66.0,,5.44
1-4,88.0,,7.27
1-4,67.0,,5.49
1-4,66.0,,5.52
1-4,83.0,,7.2
1-4,55.0,,4.81
1-4,49.0,,4.3
1-4,55.0,,4.94
1-4,59.0,,5.14
1-4,64.0,,5.69
1-4,56.0,,5.05
1-4,58.0,,5.13
1-4,87.0,,7.73
1-4,66.0,,5.72
1-4,55.0,,4.67
1-4,66.0,,5.44
1-4,88.0,,7.27
1-4,67.0,,5.49
1-4,66.0,,5.52
1-4,83.0,,7.2
1-4,55.0,,4.81
1-4,49.0,,4.3
1-4,55.0,,4.94
1-4,974.0,,5.61
1-4,6.0,*,2.36
1-4,20.0,,7.81
1-4,21.0,,8.21
1-4,15.0,*,5.62
1-4,27.0,,9.85
1-4,21.0,,7.94
1-4,17.0,*,6.35
1-4,23.0,,8.37
1-4,28.0,,10.02
1-4,17.0,*,5.94
1-4,21.0,,7.34
1-4,13.0,*,4.52
1-4,26.0,,9.09
1-4,21.0,,7.52
1-4,15.0,*,5.34
1-4,6.0,*,2.36
1-4,20.0,,7.81
1-4,21.0,,8.21
1-4,15.0,*,5.62
1-4,27.0,,9.85
1-4,21.0,,7.94
1-4,17.0,*,6.35
1-4,23.0,,8.37
1-4,28.0,,10.02
1-4,17.0,*,5.94
1-4,21.0,,7.34
1-4,13.0,*,4.52
1-4,26.0,,9.09
1-4,21.0,,7.52
1-4,15.0,*,5.34
1-4,291.0,,7.1
1-4,20.0,,6.22
1-4,31.0,,17.25
1-4,32.0,,18.0
1-4,20.0,,11.49
1-4,32.0,,17.69
1-4,25.0,,13.28
1-4,41.0,,20.79
1-4,26.0,,12.9
1-4,26.0,,12.49
1-4,37.0,,17.97
1-4,20.0,,9.59
1-4,17.0,*,8.91
1-4,29.0,,15.03
1-4,24.0,,12.54
1-4,29.0,,15.92
1-4,19.0,*,10.1
1-4,31.0,,17.25
1-4,32.0,,18.0
1-4,20.0,,11.49
1-4,32.0,,17.69
1-4,25.0,,13.28
1-4,41.0,,20.79
1-4,26.0,,12.9
1-4,26.0,,12.49
1-4,37.0,,17.97
1-4,20.0,,9.59
1-4,17.0,*,8.91
1-4,29.0,,15.03
1-4,24.0,,12.54
1-4,29.0,,15.92
1-4,19.0,*,10.1
1-4,408.0,,14.23
1-4,15.0,*,9.72
1-4,14.0,*,8.66
1-4,20.0,,11.69
1-4,11.0,*,6.73
1-4,17.0,*,10.22
1-4,12.0,*,7.28
1-4,12.0,*,7.33
1-4,16.0,*,9.42
1-4,16.0,*,9.54
1-4,32.0,,19.09
1-4,20.0,,12.07
1-4,24.0,,15.36
1-4,20.0,,13.0
1-4,15.0,*,10.05
1-4,7.0,*,4.63
1-4,15.0,*,9.72
1-4,14.0,*,8.66
1-4,20.0,,11.69
1-4,11.0,*,6.73
1-4,17.0,*,10.22
1-4,12.0,*,7.28
1-4,12.0,*,7.33
1-4,16.0,*,9.42
1-4,16.0,*,9.54
1-4,32.0,,19.09
1-4,20.0,,12.07
1-4,24.0,,15.36
1-4,20.0,,13.0
1-4,15.0,*,10.05
1-4,7.0,*,4.63
1-4,251.0,,10.34
1-4,25.0,,12.51
1-4,25.0,,12.15
1-4,17.0,*,8.41
1-4,21.0,,9.97
1-4,22.0,,10.62
1-4,16.0,*,7.86
1-4,29.0,,13.72
1-4,28.0,,13.02
1-4,23.0,,10.48
1-4,23.0,,10.45
1-4,19.0,*,9.14
1-4,22.0,,10.79
1-4,18.0,*,9.11
1-4,21.0,,10.82
1-4,12.0,*,6.19
1-4,25.0,,12.51
1-4,25.0,,12.15
1-4,17.0,*,8.41
1-4,21.0,,9.97
1-4,22.0,,10.62
1-4,16.0,*,7.86
1-4,29.0,,13.72
1-4,28.0,,13.02
1-4,23.0,,10.48
1-4,23.0,,10.45
1-4,19.0,*,9.14
1-4,22.0,,10.79
1-4,18.0,*,9.11
1-4,21.0,,10.82
1-4,12.0,*,6.19
1-4,321.0,,10.38
1-4,7.0,*,0.91
1-4,10.0,*,4.17
1-4,23.0,,9.51
1-4,24.0,,9.43
1-4,14.0,*,5.41
1-4,20.0,,7.29
1-4,23.0,,7.79
1-4,29.0,,9.52
1-4,40.0,,12.71
1-4,25.0,,7.69
1-4,31.0,,9.33
1-4,30.0,,9.48
1-4,29.0,,9.45
1-4,21.0,,7.04
1-4,15.0,*,5.06
1-4,20.0,,6.98
1-4,10.0,*,4.17
1-4,23.0,,9.51
1-4,24.0,,9.43
1-4,14.0,*,5.41
1-4,20.0,,7.29
1-4,23.0,,7.79
1-4,29.0,,9.52
1-4,40.0,,12.71
1-4,25.0,,7.69
1-4,31.0,,9.33
1-4,30.0,,9.48
1-4,29.0,,9.45
1-4,21.0,,7.04
1-4,15.0,*,5.06
1-4,20.0,,6.98
1-4,354.0,,8.15
1-4,86.0,,9.03
1-4,111.0,,10.5
1-4,104.0,,8.69
1-4,112.0,,12.51
1-4,30.0,,4.66
1-4,10.0,*,6.83
1-4,11.0,*,7.36
1-4,13.0,*,8.47
1-4,15.0,*,9.66
1-4,21.0,,13.65
1-4,13.0,*,8.46
1-4,21.0,,15.16
1-4,15.0,*,9.74
1-4,22.0,,13.31
1-4,18.0,*,11.21
1-4,23.0,,14.69
1-4,7.0,*,4.55
1-4,14.0,*,9.62
1-4,15.0,*,10.23
1-4,14.0,*,9.85
1-4,10.0,*,6.83
1-4,11.0,*,7.36
1-4,13.0,*,8.47
1-4,15.0,*,9.66
1-4,21.0,,13.65
1-4,13.0,*,8.46
1-4,21.0,,15.16
1-4,15.0,*,9.74
1-4,22.0,,13.31
1-4,18.0,*,11.21
1-4,23.0,,14.69
1-4,7.0,*,4.55
1-4,14.0,*,9.62
1-4,15.0,*,10.23
1-4,14.0,*,9.85
1-4,232.0,,10.2
1-4,108.0,,5.39
1-4,5.0,*,1.82
1-4,9.0,*,6.93
1-4,10.0,*,7.71
1-4,14.0,*,11.53
1-4,11.0,*,8.75
1-4,11.0,*,8.84
1-4,12.0,*,9.38
1-4,16.0,*,12.33
1-4,15.0,*,11.01
1-4,12.0,*,9.05
1-4,8.0,*,6.05
1-4,14.0,*,10.76
1-4,6.0,*,5.02
1-4,10.0,*,8.39
1-4,9.0,*,7.48
1-4,10.0,*,8.33
1-4,9.0,*,6.93
1-4,10.0,*,7.71
1-4,14.0,*,11.53
1-4,11.0,*,8.75
1-4,11.0,*,8.84
1-4,12.0,*,9.38
1-4,16.0,*,12.33
1-4,15.0,*,11.01
1-4,12.0,*,9.05
1-4,8.0,*,6.05
1-4,14.0,*,10.76
1-4,6.0,*,5.02
1-4,10.0,*,8.39
1-4,9.0,*,7.48
1-4,10.0,*,8.33
1-4,167.0,,8.79
1-4,89.0,,7.87
1-4,67.0,,5.43
1-4,24.0,,3.62
1-4,70.0,,7.56
1-4,100.0,,7.05
1-4,116.0,,8.03
1-4,47.0,,16.11
1-4,34.0,,11.5
1-4,32.0,,10.63
1-4,40.0,,13.61
1-4,36.0,,12.19
1-4,31.0,,10.55
1-4,42.0,,14.39
1-4,28.0,,9.23
1-4,35.0,,11.37
1-4,24.0,,7.69
1-4,30.0,,9.72
1-4,24.0,,7.83
1-4,25.0,,8.3
1-4,20.0,,6.78
1-4,14.0,*,4.69
1-4,47.0,,16.11
1-4,34.0,,11.5
1-4,32.0,,10.63
1-4,40.0,,13.61
1-4,36.0,,12.19
1-4,31.0,,10.55
1-4,42.0,,14.39
1-4,28.0,,9.23
1-4,35.0,,11.37
1-4,24.0,,7.69
1-4,30.0,,9.72
1-4,24.0,,7.83
1-4,25.0,,8.3
1-4,20.0,,6.78
1-4,14.0,*,4.69
1-4,462.0,,10.27
1-4,79.0,,5.97
1-4,61.0,,8.13
1-4,47.0,,4.52
1-4,26.0,,4.45
1-4,13.0,*,10.27
1-4,12.0,*,9.67
1-4,17.0,*,14.39
1-4,9.0,*,7.65
1-4,6.0,*,5.02
1-4,10.0,*,8.42
1-4,11.0,*,9.19
1-4,10.0,*,8.57
1-4,16.0,*,14.41
1-4,8.0,*,7.16
1-4,12.0,*,10.62
1-4,7.0,*,6.43
1-4,12.0,*,11.3
1-4,5.0,*,4.6
1-4,5.0,*,4.62
1-4,13.0,*,10.27
1-4,12.0,*,9.67
1-4,17.0,*,14.39
1-4,9.0,*,7.65
1-4,6.0,*,5.02
1-4,10.0,*,8.42
1-4,11.0,*,9.19
1-4,10.0,*,8.57
1-4,16.0,*,14.41
1-4,8.0,*,7.16
1-4,12.0,*,10.62
1-4,7.0,*,6.43
1-4,12.0,*,11.3
1-4,5.0,*,4.6
1-4,5.0,*,4.62
1-4,153.0,,8.85
1-4,118.0,,8.01
1-4,26.0,,11.41
1-4,35.0,,15.6
1-4,17.0,*,7.39
1-4,29.0,,13.0
1-4,29.0,,12.79
1-4,30.0,,12.85
1-4,15.0,*,6.18
1-4,21.0,,8.36
1-4,23.0,,9.15
1-4,24.0,,9.43
1-4,20.0,,8.19
1-4,15.0,*,6.22
1-4,17.0,*,7.15
1-4,8.0,*,3.42
1-4,16.0,*,6.93
1-4,26.0,,11.41
1-4,35.0,,15.6
1-4,17.0,*,7.39
1-4,29.0,,13.0
1-4,29.0,,12.79
1-4,30.0,,12.85
1-4,15.0,*,6.18
1-4,21.0,,8.36
1-4,23.0,,9.15
1-4,24.0,,9.43
1-4,20.0,,8.19
1-4,15.0,*,6.22
1-4,17.0,*,7.15
1-4,8.0,*,3.42
1-4,16.0,*,6.93
1-4,325.0,,9.15
1-4,30.0,,17.19
1-4,18.0,*,9.38
1-4,21.0,,10.76
1-4,12.0,*,5.79
1-4,21.0,,10.38
1-4,23.0,,10.91
1-4,23.0,,10.66
1-4,17.0,*,7.86
1-4,28.0,,12.55
1-4,36.0,,15.92
1-4,17.0,*,7.82
1-4,35.0,,16.07
1-4,18.0,*,8.57
1-4,17.0,*,8.11
1-4,12.0,*,5.83
1-4,30.0,,17.19
1-4,18.0,*,9.38
1-4,21.0,,10.76
1-4,12.0,*,5.79
1-4,21.0,,10.38
1-4,23.0,,10.91
1-4,23.0,,10.66
1-4,17.0,*,7.86
1-4,28.0,,12.55
1-4,36.0,,15.92
1-4,17.0,*,7.82
1-4,35.0,,16.07
1-4,18.0,*,8.57
1-4,17.0,*,8.11
1-4,12.0,*,5.83
1-4,328.0,,10.5
1-4,154.0,,11.62
1-4,22.0,,5.34
1-4,19.0,*,4.6
1-4,29.0,,6.82
1-4,20.0,,4.71
1-4,26.0,,6.02
1-4,25.0,,5.72
1-4,31.0,,6.86
1-4,22.0,,4.95
1-4,29.0,,6.38
1-4,19.0,*,4.19
1-4,22.0,,4.75
1-4,24.0,,5.18
1-4,22.0,,4.72
1-4,22.0,,4.68
1-4,16.0,*,3.5
1-4,22.0,,5.34
1-4,19.0,*,4.6
1-4,29.0,,6.82
1-4,20.0,,4.71
1-4,26.0,,6.02
1-4,25.0,,5.72
1-4,31.0,,6.86
1-4,22.0,,4.95
1-4,29.0,,6.38
1-4,19.0,*,4.19
1-4,22.0,,4.75
1-4,24.0,,5.18
1-4,22.0,,4.72
1-4,22.0,,4.68
1-4,16.0,*,3.5
1-4,348.0,,5.22
1-4,5.0,*,3.56
1-4,10.0,*,6.85
1-4,15.0,*,10.24
1-4,10.0,*,7.06
1-4,27.0,,18.24
1-4,20.0,,13.69
1-4,18.0,*,11.77
1-4,8.0,*,4.94
1-4,24.0,,14.58
1-4,26.0,,15.73
1-4,12.0,*,7.82
1-4,27.0,,16.89
1-4,11.0,*,7.47
1-4,11.0,*,7.33
1-4,15.0,*,9.6
1-4,5.0,*,3.56
1-4,10.0,*,6.85
1-4,15.0,*,10.24
1-4,10.0,*,7.06
1-4,27.0,,18.24
1-4,20.0,,13.69
1-4,18.0,*,11.77
1-4,8.0,*,4.94
1-4,24.0,,14.58
1-4,26.0,,15.73
1-4,12.0,*,7.82
1-4,27.0,,16.89
1-4,11.0,*,7.47
1-4,11.0,*,7.33
1-4,15.0,*,9.6
1-4,239.0,,10.48
1-4,13.0,*,5.21
1-4,5.0,*,2.02
1-4,14.0,*,5.59
1-4,12.0,*,4.99
1-4,10.0,*,4.24
1-4,5.0,*,2.05
1-4,8.0,*,3.16
1-4,12.0,*,4.54
1-4,18.0,*,6.15
1-4,15.0,*,4.96
1-4,17.0,*,5.29
1-4,17.0,*,5.54
1-4,13.0,*,4.25
1-4,11.0,*,3.6
1-4,11.0,*,3.56
1-4,13.0,*,5.21
1-4,5.0,*,2.02
1-4,14.0,*,5.59
1-4,12.0,*,4.99
1-4,10.0,*,4.24
1-4,5.0,*,2.05
1-4,8.0,*,3.16
1-4,12.0,*,4.54
1-4,18.0,*,6.15
1-4,15.0,*,4.96
1-4,17.0,*,5.29
1-4,17.0,*,5.54
1-4,13.0,*,4.25
1-4,11.0,*,3.6
1-4,11.0,*,3.56
1-4,181.0,,4.38
1-4,29.0,,8.33
1-4,45.0,,6.48
1-4,21.0,,16.22
1-4,10.0,*,7.47
1-4,17.0,*,12.92
1-4,21.0,,16.12
1-4,16.0,*,11.86
1-4,20.0,,15.07
1-4,17.0,*,13.28
1-4,18.0,*,13.36
1-4,13.0,*,10.24
1-4,21.0,,16.5
1-4,11.0,*,8.72
1-4,9.0,*,7.32
1-4,8.0,*,6.67
1-4,12.0,*,10.12
1-4,6.0,*,5.19
1-4,21.0,,16.22
1-4,10.0,*,7.47
1-4,17.0,*,12.92
1-4,21.0,,16.12
1-4,16.0,*,11.86
1-4,20.0,,15.07
1-4,17.0,*,13.28
1-4,18.0,*,13.36
1-4,13.0,*,10.24
1-4,21.0,,16.5
1-4,11.0,*,8.72
1-4,9.0,*,7.32
1-4,8.0,*,6.67
1-4,12.0,*,10.12
1-4,6.0,*,5.19
1-4,220.0,,11.5
1-4,8.0,*,6.59
1-4,18.0,*,15.69
1-4,16.0,*,14.47
1-4,8.0,*,6.56
1-4,18.0,*,16.07
1-4,6.0,*,5.11
1-4,13.0,*,10.92
1-4,17.0,*,13.97
1-4,18.0,*,15.42
1-4,13.0,*,10.84
1-4,12.0,*,10.32
1-4,12.0,*,10.71
1-4,8.0,*,7.53
1-4,18.0,*,17.58
1-4,5.0,*,5.07
1-4,8.0,*,6.59
1-4,18.0,*,15.69
1-4,16.0,*,14.47
1-4,8.0,*,6.56
1-4,18.0,*,16.07
1-4,6.0,*,5.11
1-4,13.0,*,10.92
1-4,17.0,*,13.97
1-4,18.0,*,15.42
1-4,13.0,*,10.84
1-4,12.0,*,10.32
1-4,12.0,*,10.71
1-4,8.0,*,7.53
1-4,18.0,*,17.58
1-4,5.0,*,5.07
1-4,190.0,,11.1
1-4,56.0,,12.39
1-4,12.0,*,19.64
1-4,13.0,*,20.44
1-4,24.0,,35.45
1-4,27.0,,42.39
1-4,19.0,*,27.18
1-4,17.0,*,24.85
1-4,13.0,*,19.32
1-4,10.0,*,15.15
1-4,12.0,*,18.63
1-4,10.0,*,15.9
1-4,6.0,*,8.28
1-4,12.0,*,16.19
1-4,8.0,*,10.36
1-4,6.0,*,7.73
1-4,8.0,*,10.34
1-4,12.0,*,19.64
1-4,13.0,*,20.44
1-4,24.0,,35.45
1-4,27.0,,42.39
1-4,19.0,*,27.18
1-4,17.0,*,24.85
1-4,13.0,*,19.32
1-4,10.0,*,15.15
1-4,12.0,*,18.63
1-4,10.0,*,15.9
1-4,6.0,*,8.28
1-4,12.0,*,16.19
1-4,8.0,*,10.36
1-4,6.0,*,7.73
1-4,8.0,*,10.34
1-4,197.0,,19.06
1-4,6.0,*,5.51
1-4,14.0,*,12.95
1-4,7.0,*,6.45
1-4,16.0,*,14.35
1-4,8.0,*,6.88
1-4,11.0,*,9.65
1-4,18.0,*,15.1
1-4,8.0,*,7.19
1-4,14.0,*,11.75
1-4,10.0,*,8.33
1-4,13.0,*,10.95
1-4,11.0,*,9.09
1-4,15.0,*,12.61
1-4,9.0,*,7.76
1-4,11.0,*,9.21
1-4,6.0,*,5.51
1-4,14.0,*,12.95
1-4,7.0,*,6.45
1-4,16.0,*,14.35
1-4,8.0,*,6.88
1-4,11.0,*,9.65
1-4,18.0,*,15.1
1-4,8.0,*,7.19
1-4,14.0,*,11.75
1-4,10.0,*,8.33
1-4,13.0,*,10.95
1-4,11.0,*,9.09
1-4,15.0,*,12.61
1-4,9.0,*,7.76
1-4,11.0,*,9.21
1-4,171.0,,9.88
1-4,26.0,,8.1
1-4,46.0,,10.32
1-4,28.0,,12.82
1-4,27.0,,12.31
1-4,21.0,,9.62
1-4,19.0,*,8.95
1-4,14.0,*,6.62
1-4,15.0,*,6.97
1-4,16.0,*,7.49
1-4,19.0,*,8.66
1-4,19.0,*,8.7
1-4,15.0,*,6.86
1-4,18.0,*,8.2
1-4,16.0,*,7.3
1-4,16.0,*,7.28
1-4,22.0,,10.03
1-4,15.0,*,6.8
1-4,28.0,,12.82
1-4,27.0,,12.31
1-4,21.0,,9.62
1-4,19.0,*,8.95
1-4,14.0,*,6.62
1-4,15.0,*,6.97
1-4,16.0,*,7.49
1-4,19.0,*,8.66
1-4,19.0,*,8.7
1-4,15.0,*,6.86
1-4,18.0,*,8.2
1-4,16.0,*,7.3
1-4,16.0,*,7.28
1-4,22.0,,10.03
1-4,15.0,*,6.8
1-4,280.0,,8.58
1-4,93.0,,15.76
1-4,27.0,,5.62
1-4,100.0,,5.59
1-4,112.0,,6.15
1-4,77.0,,4.25
1-4,83.0,,4.53
1-4,79.0,,4.21
1-4,110.0,,5.83
1-4,108.0,,5.61
1-4,102.0,,5.25
1-4,141.0,,7.2
1-4,119.0,,6.04
1-4,109.0,,5.63
1-4,114.0,,5.99
1-4,86.0,,4.59
1-4,51.0,,2.74
1-4,89.0,,4.72
1-4,100.0,,5.59
1-4,112.0,,6.15
1-4,77.0,,4.25
1-4,83.0,,4.53
1-4,79.0,,4.21
1-4,110.0,,5.83
1-4,108.0,,5.61
1-4,102.0,,5.25
1-4,141.0,,7.2
1-4,119.0,,6.04
1-4,109.0,,5.63
1-4,114.0,,5.99
1-4,86.0,,4.59
1-4,51.0,,2.74
1-4,89.0,,4.72
1-4,1480.0,,5.24
1-4,56.0,,9.68
1-4,31.0,,11.37
1-4,38.0,,13.38
1-4,38.0,,13.57
1-4,31.0,,10.58
1-4,54.0,,18.32
1-4,32.0,,10.9
1-4,30.0,,9.93
1-4,38.0,,12.33
1-4,37.0,,11.62
1-4,39.0,,12.0
1-4,36.0,,11.49
1-4,41.0,,13.59
1-4,28.0,,9.65
1-4,34.0,,11.92
1-4,24.0,,8.44
1-4,31.0,,11.37
1-4,38.0,,13.38
1-4,38.0,,13.57
1-4,31.0,,10.58
1-4,54.0,,18.32
1-4,32.0,,10.9
1-4,30.0,,9.93
1-4,38.0,,12.33
1-4,37.0,,11.62
1-4,39.0,,12.0
1-4,36.0,,11.49
1-4,41.0,,13.59
1-4,28.0,,9.65
1-4,34.0,,11.92
1-4,24.0,,8.44
1-4,531.0,,11.94
1-4,119.0,,6.67
1-4,124.0,,7.0
1-4,96.0,,5.56
1-4,108.0,,6.28
1-4,111.0,,6.63
1-4,79.0,,4.9
1-4,102.0,,6.35
1-4,96.0,,6.02
1-4,111.0,,6.96
1-4,72.0,,4.43
1-4,115.0,,7.03
1-4,110.0,,6.48
1-4,85.0,,5.11
1-4,63.0,,3.81
1-4,103.0,,6.21
1-4,119.0,,6.67
1-4,124.0,,7.0
1-4,96.0,,5.56
1-4,108.0,,6.28
1-4,111.0,,6.63
1-4,79.0,,4.9
1-4,102.0,,6.35
1-4,96.0,,6.02
1-4,111.0,,6.96
1-4,72.0,,4.43
1-4,115.0,,7.03
1-4,110.0,,6.48
1-4,85.0,,5.11
1-4,63.0,,3.81
1-4,103.0,,6.21
1-4,1494.0,,5.97
1-4,240.0,,4.75
1-4,277.0,,5.54
1-4,252.0,,5.15
1-4,232.0,,4.79
1-4,296.0,,6.14
1-4,265.0,,5.64
1-4,248.0,,5.29
1-4,260.0,,5.56
1-4,261.0,,5.58
1-4,256.0,,5.45
1-4,245.0,,5.26
1-4,286.0,,6.11
1-4,233.0,,5.0
1-4,201.0,,4.34
1-4,198.0,,4.23
1-4,240.0,,4.75
1-4,277.0,,5.54
1-4,252.0,,5.15
1-4,232.0,,4.79
1-4,296.0,,6.14
1-4,265.0,,5.64
1-4,248.0,,5.29
1-4,260.0,,5.56
1-4,261.0,,5.58
1-4,256.0,,5.45
1-4,245.0,,5.26
1-4,286.0,,6.11
1-4,233.0,,5.0
1-4,201.0,,4.34
1-4,198.0,,4.23
1-4,3750.0,,5.25
1-4,97.0,,7.55
1-4,22.0,,15.36
1-4,13.0,*,9.34
1-4,20.0,,14.43
1-4,18.0,*,12.79
1-4,21.0,,14.17
1-4,15.0,*,10.24
1-4,27.0,,18.06
1-4,22.0,,15.12
1-4,19.0,*,12.59
1-4,24.0,,16.44
1-4,17.0,*,12.48
1-4,18.0,*,13.93
1-4,15.0,*,11.43
1-4,8.0,*,6.15
1-4,10.0,*,7.16
1-4,22.0,,15.36
1-4,13.0,*,9.34
1-4,20.0,,14.43
1-4,18.0,*,12.79
1-4,21.0,,14.17
1-4,15.0,*,10.24
1-4,27.0,,18.06
1-4,22.0,,15.12
1-4,19.0,*,12.59
1-4,24.0,,16.44
1-4,17.0,*,12.48
1-4,18.0,*,13.93
1-4,15.0,*,11.43
1-4,8.0,*,6.15
1-4,10.0,*,7.16
1-4,269.0,,12.72
1-4,136.0,,8.14
1-4,61.0,,12.34
1-4,12.0,*,6.15
1-4,17.0,*,8.39
1-4,12.0,*,5.9
1-4,17.0,*,8.02
1-4,20.0,,9.23
1-4,22.0,,10.24
1-4,19.0,*,8.46
1-4,21.0,,8.69
1-4,16.0,*,6.55
1-4,19.0,*,7.4
1-4,25.0,,9.61
1-4,27.0,,10.36
1-4,18.0,*,7.0
1-4,21.0,,8.47
1-4,9.0,*,3.63
1-4,12.0,*,6.15
1-4,17.0,*,8.39
1-4,12.0,*,5.9
1-4,17.0,*,8.02
1-4,20.0,,9.23
1-4,22.0,,10.24
1-4,19.0,*,8.46
1-4,21.0,,8.69
1-4,16.0,*,6.55
1-4,19.0,*,7.4
1-4,25.0,,9.61
1-4,27.0,,10.36
1-4,18.0,*,7.0
1-4,21.0,,8.47
1-4,9.0,*,3.63
1-4,275.0,,7.89
1-4,10.0,*,9.46
1-4,21.0,,19.32
1-4,7.0,*,6.24
1-4,24.0,,21.13
1-4,16.0,*,13.51
1-4,11.0,*,9.21
1-4,7.0,*,5.6
1-4,10.0,*,8.17
1-4,16.0,*,12.6
1-4,18.0,*,13.43
1-4,14.0,*,10.87
1-4,19.0,*,15.2
1-4,13.0,*,11.05
1-4,10.0,*,8.77
1-4,16.0,*,13.78
1-4,10.0,*,9.46
1-4,21.0,,19.32
1-4,7.0,*,6.24
1-4,24.0,,21.13
1-4,16.0,*,13.51
1-4,11.0,*,9.21
1-4,7.0,*,5.6
1-4,10.0,*,8.17
1-4,16.0,*,12.6
1-4,18.0,*,13.43
1-4,14.0,*,10.87
1-4,19.0,*,15.2
1-4,13.0,*,11.05
1-4,10.0,*,8.77
1-4,16.0,*,13.78
1-4,212.0,,11.86
1-4,170.0,,10.12
1-4,155.0,,6.28
1-4,17.0,*,13.69
1-4,21.0,,16.27
1-4,15.0,*,11.64
1-4,20.0,,15.41
1-4,17.0,*,14.31
1-4,15.0,*,12.05
1-4,17.0,*,13.63
1-4,12.0,*,8.92
1-4,22.0,,16.26
1-4,27.0,,20.04
1-4,18.0,*,14.11
1-4,29.0,,23.31
1-4,13.0,*,10.85
1-4,13.0,*,10.93
1-4,16.0,*,14.07
1-4,17.0,*,13.69
1-4,21.0,,16.27
1-4,15.0,*,11.64
1-4,20.0,,15.41
1-4,17.0,*,14.31
1-4,15.0,*,12.05
1-4,17.0,*,13.63
1-4,12.0,*,8.92
1-4,22.0,,16.26
1-4,27.0,,20.04
1-4,18.0,*,14.11
1-4,29.0,,23.31
1-4,13.0,*,10.85
1-4,13.0,*,10.93
1-4,16.0,*,14.07
1-4,272.0,,14.4
1-4,77.0,,8.54
1-4,6.0,*,3.08
1-4,11.0,*,5.84
1-4,10.0,*,5.05
1-4,6.0,*,2.96
1-4,18.0,*,8.98
1-4,12.0,*,6.09
1-4,10.0,*,4.82
1-4,11.0,*,5.02
1-4,15.0,*,6.79
1-4,10.0,*,4.6
1-4,13.0,*,6.16
1-4,9.0,*,4.51
1-4,9.0,*,4.64
1-4,8.0,*,4.1
1-4,10.0,*,5.03
1-4,6.0,*,3.08
1-4,11.0,*,5.84
1-4,10.0,*,5.05
1-4,6.0,*,2.96
1-4,18.0,*,8.98
1-4,12.0,*,6.09
1-4,10.0,*,4.82
1-4,11.0,*,5.02
1-4,15.0,*,6.79
1-4,10.0,*,4.6
1-4,13.0,*,6.16
1-4,9.0,*,4.51
1-4,9.0,*,4.64
1-4,8.0,*,4.1
1-4,10.0,*,5.03
1-4,158.0,,5.19
1-4,10.0,*,6.72
1-4,133.0,,8.89
1-4,2089.0,,7.08
1-4,2153.0,,7.26
1-4,2121.0,,7.18
1-4,2183.0,,7.34
1-4,2304.0,,7.69
1-4,2147.0,,7.16
1-4,2292.0,,7.54
1-4,2273.0,,7.38
1-4,2529.0,,8.14
1-4,2302.0,,7.34
1-4,2294.0,,7.42
1-4,2299.0,,7.53
1-4,1990.0,,6.61
1-4,1739.0,,5.81
1-4,1790.0,,5.98
1-4,2089.0,,7.08
1-4,2153.0,,7.26
1-4,2121.0,,7.18
1-4,2183.0,,7.34
1-4,2304.0,,7.69
1-4,2147.0,,7.16
1-4,2292.0,,7.54
1-4,2273.0,,7.38
1-4,2529.0,,8.14
1-4,2302.0,,7.34
1-4,2294.0,,7.42
1-4,2299.0,,7.53
1-4,1990.0,,6.61
1-4,1739.0,,5.81
1-4,1790.0,,5.98
1-4,32505.0,,7.17
1-4,2089.0,,7.08
1-4,2153.0,,7.26
1-4,2122.0,,7.18
1-4,2186.0,,7.35
1-4,2306.0,,7.69
1-4,2147.0,,7.16
1-4,2293.0,,7.54
1-4,2275.0,,7.38
1-4,2529.0,,8.14
1-4,2303.0,,7.35
1-4,2295.0,,7.42
1-4,2301.0,,7.54
1-4,1990.0,,6.61
1-4,1739.0,,5.81
1-4,1791.0,,5.98
1-4,2089.0,,7.08
1-4,2153.0,,7.26
1-4,2122.0,,7.18
1-4,2186.0,,7.35
1-4,2306.0,,7.69
1-4,2147.0,,7.16
1-4,2293.0,,7.54
1-4,2275.0,,7.38
1-4,2529.0,,8.14
1-4,2303.0,,7.35
1-4,2295.0,,7.42
1-4,2301.0,,7.54
1-4,1990.0,,6.61
1-4,1739.0,,5.81
1-4,1791.0,,5.98
1-4,32519.0,,7.17
5-9,49.0,,2.45
5-9,14.0,*,0.82
5-9,13.0,*,2.69
5-9,59.0,,2.37
5-9,107.0,,3.06
5-9,44.0,,3.15
5-9,89.0,,5.06
5-9,30.0,,2.18
5-9,31.0,,2.59
5-9,14.0,*,1.66
5-9,15.0,*,1.78
5-9,11.0,*,1.31
5-9,11.0,*,1.32
5-9,13.0,*,1.54
5-9,10.0,*,1.16
5-9,10.0,*,1.13
5-9,12.0,*,1.32
5-9,14.0,*,1.49
5-9,13.0,*,1.37
5-9,9.0,*,0.93
5-9,11.0,*,1.11
5-9,15.0,*,1.48
5-9,16.0,*,1.6
5-9,26.0,,2.59
5-9,14.0,*,1.66
5-9,15.0,*,1.78
5-9,11.0,*,1.31
5-9,11.0,*,1.32
5-9,13.0,*,1.54
5-9,10.0,*,1.16
5-9,10.0,*,1.13
5-9,12.0,*,1.32
5-9,14.0,*,1.49
5-9,13.0,*,1.37
5-9,9.0,*,0.93
5-9,11.0,*,1.11
5-9,15.0,*,1.48
5-9,16.0,*,1.6
5-9,26.0,,2.59
5-9,200.0,,1.46
5-9,8.0,*,1.43
5-9,6.0,*,1.09
5-9,16.0,*,2.97
5-9,9.0,*,1.68
5-9,6.0,*,1.12
5-9,17.0,*,3.21
5-9,14.0,*,2.53
5-9,6.0,*,1.07
5-9,9.0,*,1.57
5-9,7.0,*,1.23
5-9,13.0,*,2.22
5-9,14.0,*,2.38
5-9,11.0,*,1.86
5-9,9.0,*,1.54
5-9,18.0,*,3.15
5-9,8.0,*,1.43
5-9,6.0,*,1.09
5-9,16.0,*,2.97
5-9,9.0,*,1.68
5-9,6.0,*,1.12
5-9,17.0,*,3.21
5-9,14.0,*,2.53
5-9,6.0,*,1.07
5-9,9.0,*,1.57
5-9,7.0,*,1.23
5-9,13.0,*,2.22
5-9,14.0,*,2.38
5-9,11.0,*,1.86
5-9,9.0,*,1.54
5-9,18.0,*,3.15
5-9,163.0,,1.93
5-9,17.0,*,6.5
5-9,11.0,*,4.31
5-9,11.0,*,4.3
5-9,16.0,*,6.02
5-9,8.0,*,2.93
5-9,10.0,*,3.61
5-9,9.0,*,3.17
5-9,13.0,*,4.53
5-9,11.0,*,3.85
5-9,13.0,*,4.5
5-9,12.0,*,4.14
5-9,13.0,*,4.5
5-9,8.0,*,2.79
5-9,10.0,*,3.52
5-9,12.0,*,4.32
5-9,17.0,*,6.5
5-9,11.0,*,4.31
5-9,11.0,*,4.3
5-9,16.0,*,6.02
5-9,8.0,*,2.93
5-9,10.0,*,3.61
5-9,9.0,*,3.17
5-9,13.0,*,4.53
5-9,11.0,*,3.85
5-9,13.0,*,4.5
5-9,12.0,*,4.14
5-9,13.0,*,4.5
5-9,8.0,*,2.79
5-9,10.0,*,3.52
5-9,12.0,*,4.32
5-9,174.0,,4.18
5-9,35.0,,3.64
5-9,113.0,,2.78
5-9,112.0,,3.55
5-9,10.0,*,2.26
5-9,9.0,*,2.1
5-9,18.0,*,4.28
5-9,6.0,*,1.46
5-9,6.0,*,1.42
5-9,5.0,*,1.15
5-9,6.0,*,1.37
5-9,12.0,*,2.7
5-9,8.0,*,1.76
5-9,9.0,*,1.95
5-9,6.0,*,1.27
5-9,11.0,*,2.33
5-9,6.0,*,1.26
5-9,13.0,*,2.7
5-9,12.0,*,2.49
5-9,10.0,*,2.26
5-9,9.0,*,2.1
5-9,18.0,*,4.28
5-9,6.0,*,1.46
5-9,6.0,*,1.42
5-9,5.0,*,1.15
5-9,6.0,*,1.37
5-9,12.0,*,2.7
5-9,8.0,*,1.76
5-9,9.0,*,1.95
5-9,6.0,*,1.27
5-9,11.0,*,2.33
5-9,6.0,*,1.26
5-9,13.0,*,2.7
5-9,12.0,*,2.49
5-9,137.0,,2.03
5-9,40.0,,4.3
5-9,30.0,,5.17
5-9,148.0,,1.37
5-9,59.0,,4.4
5-9,13.0,*,1.79
5-9,79.0,,0.95
5-9,20.0,,1.48
5-9,17.0,*,1.26
5-9,16.0,*,1.17
5-9,11.0,*,0.79
5-9,22.0,,1.54
5-9,17.0,*,1.16
5-9,14.0,*,0.91
5-9,18.0,*,1.14
5-9,20.0,,1.24
5-9,17.0,*,1.04
5-9,18.0,*,1.09
5-9,21.0,,1.27
5-9,20.0,,1.18
5-9,18.0,*,1.07
5-9,18.0,*,1.08
5-9,20.0,,1.48
5-9,17.0,*,1.26
5-9,16.0,*,1.17
5-9,11.0,*,0.79
5-9,22.0,,1.54
5-9,17.0,*,1.16
5-9,14.0,*,0.91
5-9,18.0,*,1.14
5-9,20.0,,1.24
5-9,17.0,*,1.04
5-9,18.0,*,1.09
5-9,21.0,,1.27
5-9,20.0,,1.18
5-9,18.0,*,1.07
5-9,18.0,*,1.08
5-9,267.0,,1.16
5-9,44.0,,2.06
5-9,7.0,*,1.49
5-9,11.0,*,2.39
5-9,10.0,*,2.16
5-9,11.0,*,2.38
5-9,10.0,*,2.09
5-9,10.0,*,2.12
5-9,7.0,*,1.48
5-9,5.0,*,1.04
5-9,11.0,*,2.26
5-9,10.0,*,2.01
5-9,10.0,*,1.95
5-9,6.0,*,1.17
5-9,13.0,*,2.55
5-9,8.0,*,1.61
5-9,25.0,,5.14
5-9,7.0,*,1.49
5-9,11.0,*,2.39
5-9,10.0,*,2.16
5-9,11.0,*,2.38
5-9,10.0,*,2.09
5-9,10.0,*,2.12
5-9,7.0,*,1.48
5-9,5.0,*,1.04
5-9,11.0,*,2.26
5-9,10.0,*,2.01
5-9,10.0,*,1.95
5-9,6.0,*,1.17
5-9,13.0,*,2.55
5-9,8.0,*,1.61
5-9,25.0,,5.14
5-9,154.0,,2.12
5-9,37.0,,2.29
5-9,82.0,,3.34
5-9,20.0,,2.85
5-9,28.0,,1.69
5-9,23.0,,2.48
5-9,27.0,,2.95
5-9,83.0,,5.65
5-9,16.0,*,1.24
5-9,13.0,*,5.66
5-9,9.0,*,4.0
5-9,9.0,*,3.96
5-9,17.0,*,7.65
5-9,11.0,*,4.88
5-9,11.0,*,5.0
5-9,14.0,*,6.34
5-9,7.0,*,3.17
5-9,13.0,*,5.85
5-9,13.0,*,5.94
5-9,17.0,*,7.72
5-9,16.0,*,7.02
5-9,11.0,*,4.85
5-9,12.0,*,5.4
5-9,11.0,*,5.06
5-9,13.0,*,5.66
5-9,9.0,*,4.0
5-9,9.0,*,3.96
5-9,17.0,*,7.65
5-9,11.0,*,4.88
5-9,11.0,*,5.0
5-9,14.0,*,6.34
5-9,7.0,*,3.17
5-9,13.0,*,5.85
5-9,13.0,*,5.94
5-9,17.0,*,7.72
5-9,16.0,*,7.02
5-9,11.0,*,4.85
5-9,12.0,*,5.4
5-9,11.0,*,5.06
5-9,184.0,,5.5
5-9,14.0,*,2.0
5-9,14.0,*,2.04
5-9,11.0,*,1.6
5-9,19.0,*,2.78
5-9,12.0,*,1.73
5-9,5.0,*,0.72
5-9,7.0,*,1.0
5-9,8.0,*,1.14
5-9,22.0,,3.17
5-9,13.0,*,1.88
5-9,12.0,*,1.77
5-9,6.0,*,0.9
5-9,28.0,,4.21
5-9,19.0,*,2.86
5-9,23.0,,3.46
5-9,14.0,*,2.0
5-9,14.0,*,2.04
5-9,11.0,*,1.6
5-9,19.0,*,2.78
5-9,12.0,*,1.73
5-9,5.0,*,0.72
5-9,7.0,*,1.0
5-9,8.0,*,1.14
5-9,22.0,,3.17
5-9,13.0,*,1.88
5-9,12.0,*,1.77
5-9,6.0,*,0.9
5-9,28.0,,4.21
5-9,19.0,*,2.86
5-9,23.0,,3.46
5-9,213.0,,2.07
5-9,26.0,,1.85
5-9,11.0,*,1.67
5-9,11.0,*,0.75
5-9,15.0,*,1.03
5-9,10.0,*,0.69
5-9,14.0,*,0.95
5-9,24.0,,1.62
5-9,30.0,,1.98
5-9,35.0,,2.26
5-9,32.0,,2.04
5-9,38.0,,2.38
5-9,39.0,,2.42
5-9,33.0,,2.01
5-9,23.0,,1.39
5-9,31.0,,1.83
5-9,28.0,,1.65
5-9,20.0,,1.18
5-9,11.0,*,0.75
5-9,15.0,*,1.03
5-9,10.0,*,0.69
5-9,14.0,*,0.95
5-9,24.0,,1.62
5-9,30.0,,1.98
5-9,35.0,,2.26
5-9,32.0,,2.04
5-9,38.0,,2.38
5-9,39.0,,2.42
5-9,33.0,,2.01
5-9,23.0,,1.39
5-9,31.0,,1.83
5-9,28.0,,1.65
5-9,20.0,,1.18
5-9,383.0,,1.62
5-9,21.0,,2.15
5-9,28.0,,3.07
5-9,63.0,,3.06
5-9,12.0,*,1.84
5-9,7.0,*,1.7
5-9,13.0,*,1.43
5-9,134.0,,3.33
5-9,36.0,,3.7
5-9,55.0,,1.21
5-9,57.0,,1.29
5-9,45.0,,1.04
5-9,69.0,,1.63
5-9,73.0,,1.72
5-9,41.0,,0.95
5-9,48.0,,1.1
5-9,62.0,,1.39
5-9,56.0,,1.23
5-9,63.0,,1.37
5-9,64.0,,1.39
5-9,55.0,,1.19
5-9,77.0,,1.67
5-9,78.0,,1.68
5-9,72.0,,1.54
5-9,55.0,,1.21
5-9,57.0,,1.29
5-9,45.0,,1.04
5-9,69.0,,1.63
5-9,73.0,,1.72
5-9,41.0,,0.95
5-9,48.0,,1.1
5-9,62.0,,1.39
5-9,56.0,,1.23
5-9,63.0,,1.37
5-9,64.0,,1.39
5-9,55.0,,1.19
5-9,77.0,,1.67
5-9,78.0,,1.68
5-9,72.0,,1.54
5-9,915.0,,1.36
5-9,19.0,*,2.57
5-9,25.0,,3.4
5-9,17.0,*,2.29
5-9,34.0,,4.52
5-9,24.0,,3.15
5-9,17.0,*,2.16
5-9,32.0,,3.93
5-9,21.0,,2.56
5-9,38.0,,4.54
5-9,28.0,,3.26
5-9,24.0,,2.82
5-9,27.0,,3.29
5-9,29.0,,3.45
5-9,21.0,,2.46
5-9,16.0,*,1.88
5-9,19.0,*,2.57
5-9,25.0,,3.4
5-9,17.0,*,2.29
5-9,34.0,,4.52
5-9,24.0,,3.15
5-9,17.0,*,2.16
5-9,32.0,,3.93
5-9,21.0,,2.56
5-9,38.0,,4.54
5-9,28.0,,3.26
5-9,24.0,,2.82
5-9,27.0,,3.29
5-9,29.0,,3.45
5-9,21.0,,2.46
5-9,16.0,*,1.88
5-9,372.0,,3.08
5-9,25.0,,1.65
5-9,38.0,,2.53
5-9,25.0,,1.68
5-9,24.0,,1.59
5-9,14.0,*,0.92
5-9,17.0,*,1.12
5-9,17.0,*,1.13
5-9,18.0,*,1.19
5-9,26.0,,1.73
5-9,21.0,,1.39
5-9,24.0,,1.59
5-9,20.0,,1.33
5-9,21.0,,1.38
5-9,18.0,*,1.19
5-9,22.0,,1.45
5-9,25.0,,1.65
5-9,38.0,,2.53
5-9,25.0,,1.68
5-9,24.0,,1.59
5-9,14.0,*,0.92
5-9,17.0,*,1.12
5-9,17.0,*,1.13
5-9,18.0,*,1.19
5-9,26.0,,1.73
5-9,21.0,,1.39
5-9,24.0,,1.59
5-9,20.0,,1.33
5-9,21.0,,1.38
5-9,18.0,*,1.19
5-9,22.0,,1.45
5-9,330.0,,1.46
5-9,89.0,,1.82
5-9,5.0,*,1.22
5-9,154.0,,4.19
5-9,62.0,,1.91
5-9,113.0,,2.74
5-9,8.0,*,2.31
5-9,9.0,*,2.55
5-9,9.0,*,2.54
5-9,8.0,*,2.25
5-9,8.0,*,2.17
5-9,6.0,*,1.56
5-9,9.0,*,2.24
5-9,16.0,*,3.93
5-9,13.0,*,3.27
5-9,12.0,*,2.98
5-9,19.0,*,4.67
5-9,17.0,*,4.19
5-9,12.0,*,2.94
5-9,14.0,*,3.47
5-9,8.0,*,2.02
5-9,8.0,*,2.31
5-9,9.0,*,2.55
5-9,9.0,*,2.54
5-9,8.0,*,2.25
5-9,8.0,*,2.17
5-9,6.0,*,1.56
5-9,9.0,*,2.24
5-9,16.0,*,3.93
5-9,13.0,*,3.27
5-9,12.0,*,2.98
5-9,19.0,*,4.67
5-9,17.0,*,4.19
5-9,12.0,*,2.94
5-9,14.0,*,3.47
5-9,8.0,*,2.02
5-9,168.0,,2.9
5-9,37.0,,2.87
5-9,36.0,,2.58
5-9,30.0,,1.94
5-9,51.0,,4.38
5-9,14.0,*,1.54
5-9,64.0,,2.24
5-9,65.0,,2.52
5-9,74.0,,2.92
5-9,35.0,,2.65
5-9,40.0,,2.46
5-9,13.0,*,1.47
5-9,23.0,,2.02
5-9,34.0,,1.86
5-9,44.0,,2.36
5-9,13.0,*,3.32
5-9,16.0,*,4.11
5-9,14.0,*,3.55
5-9,21.0,,5.24
5-9,13.0,*,3.25
5-9,12.0,*,2.98
5-9,13.0,*,3.19
5-9,6.0,*,1.51
5-9,20.0,,5.1
5-9,15.0,*,3.79
5-9,10.0,*,2.47
5-9,12.0,*,2.98
5-9,14.0,*,3.52
5-9,21.0,,5.28
5-9,12.0,*,3.05
5-9,13.0,*,3.32
5-9,16.0,*,4.11
5-9,14.0,*,3.55
5-9,21.0,,5.24
5-9,13.0,*,3.25
5-9,12.0,*,2.98
5-9,13.0,*,3.19
5-9,6.0,*,1.51
5-9,20.0,,5.1
5-9,15.0,*,3.79
5-9,10.0,*,2.47
5-9,12.0,*,2.98
5-9,14.0,*,3.52
5-9,21.0,,5.28
5-9,12.0,*,3.05
5-9,212.0,,3.55
5-9,18.0,*,1.08
5-9,22.0,,2.24
5-9,29.0,,2.06
5-9,6.0,*,0.76
5-9,54.0,,2.56
5-9,45.0,,2.25
5-9,83.0,,1.91
5-9,107.0,,2.79
5-9,51.0,,3.07
5-9,87.0,,0.99
5-9,93.0,,3.11
5-9,77.0,,1.59
5-9,8.0,*,1.63
5-9,18.0,*,1.85
5-9,100.0,,4.07
5-9,73.0,,3.01
5-9,25.0,,4.12
5-9,96.0,,7.4
5-9,61.0,,2.85
5-9,5.0,*,1.13
5-9,13.0,*,2.36
5-9,111.0,,2.73
5-9,38.0,,4.9
5-9,22.0,,3.48
5-9,25.0,,1.07
5-9,23.0,,0.97
5-9,30.0,,1.25
5-9,26.0,,1.06
5-9,23.0,,0.92
5-9,26.0,,1.03
5-9,22.0,,0.86
5-9,23.0,,0.9
5-9,33.0,,1.27
5-9,25.0,,0.95
5-9,31.0,,1.2
5-9,33.0,,1.28
5-9,19.0,*,0.73
5-9,18.0,*,0.7
5-9,23.0,,0.89
5-9,25.0,,1.07
5-9,23.0,,0.97
5-9,30.0,,1.25
5-9,26.0,,1.06
5-9,23.0,,0.92
5-9,26.0,,1.03
5-9,22.0,,0.86
5-9,23.0,,0.9
5-9,33.0,,1.27
5-9,25.0,,0.95
5-9,31.0,,1.2
5-9,33.0,,1.28
5-9,19.0,*,0.73
5-9,18.0,*,0.7
5-9,23.0,,0.89
5-9,380.0,,1.0
5-9,29.0,,3.75
5-9,12.0,*,3.35
5-9,19.0,*,5.33
5-9,14.0,*,3.82
5-9,18.0,*,4.94
5-9,12.0,*,3.16
5-9,14.0,*,3.64
5-9,10.0,*,2.55
5-9,14.0,*,3.58
5-9,19.0,*,4.76
5-9,19.0,*,4.69
5-9,16.0,*,3.98
5-9,19.0,*,4.65
5-9,10.0,*,2.42
5-9,20.0,,4.82
5-9,21.0,,5.11
5-9,12.0,*,3.35
5-9,19.0,*,5.33
5-9,14.0,*,3.82
5-9,18.0,*,4.94
5-9,12.0,*,3.16
5-9,14.0,*,3.64
5-9,10.0,*,2.55
5-9,14.0,*,3.58
5-9,19.0,*,4.76
5-9,19.0,*,4.69
5-9,16.0,*,3.98
5-9,19.0,*,4.65
5-9,10.0,*,2.42
5-9,20.0,,4.82
5-9,21.0,,5.11
5-9,237.0,,4.05
5-9,40.0,,1.6
5-9,33.0,,1.41
5-9,29.0,,1.32
5-9,34.0,,1.66
5-9,37.0,,1.89
5-9,17.0,*,0.9
5-9,22.0,,1.2
5-9,18.0,*,1.0
5-9,40.0,,2.27
5-9,17.0,*,0.98
5-9,30.0,,1.72
5-9,22.0,,1.24
5-9,22.0,,1.22
5-9,25.0,,1.37
5-9,31.0,,1.72
5-9,40.0,,1.6
5-9,33.0,,1.41
5-9,29.0,,1.32
5-9,34.0,,1.66
5-9,37.0,,1.89
5-9,17.0,*,0.9
5-9,22.0,,1.2
5-9,18.0,*,1.0
5-9,40.0,,2.27
5-9,17.0,*,0.98
5-9,30.0,,1.72
5-9,22.0,,1.24
5-9,22.0,,1.22
5-9,25.0,,1.37
5-9,31.0,,1.72
5-9,417.0,,1.44
5-9,73.0,,1.04
5-9,66.0,,0.96
5-9,87.0,,1.3
5-9,80.0,,1.22
5-9,76.0,,1.18
5-9,78.0,,1.22
5-9,50.0,,0.79
5-9,63.0,,1.0
5-9,67.0,,1.07
5-9,58.0,,0.92
5-9,63.0,,1.01
5-9,72.0,,1.16
5-9,74.0,,1.2
5-9,68.0,,1.12
5-9,88.0,,1.46
5-9,73.0,,1.04
5-9,66.0,,0.96
5-9,87.0,,1.3
5-9,80.0,,1.22
5-9,76.0,,1.18
5-9,78.0,,1.22
5-9,50.0,,0.79
5-9,63.0,,1.0
5-9,67.0,,1.07
5-9,58.0,,0.92
5-9,63.0,,1.01
5-9,72.0,,1.16
5-9,74.0,,1.2
5-9,68.0,,1.12
5-9,88.0,,1.46
5-9,1063.0,,1.11
5-9,29.0,,1.64
5-9,9.0,*,4.87
5-9,12.0,*,6.6
5-9,7.0,*,3.88
5-9,11.0,*,5.95
5-9,14.0,*,7.59
5-9,10.0,*,5.27
5-9,8.0,*,4.22
5-9,9.0,*,4.74
5-9,7.0,*,3.75
5-9,7.0,*,3.71
5-9,5.0,*,2.68
5-9,10.0,*,5.3
5-9,7.0,*,3.7
5-9,6.0,*,3.15
5-9,6.0,*,3.29
5-9,9.0,*,4.87
5-9,12.0,*,6.6
5-9,7.0,*,3.88
5-9,11.0,*,5.95
5-9,14.0,*,7.59
5-9,10.0,*,5.27
5-9,8.0,*,4.22
5-9,9.0,*,4.74
5-9,7.0,*,3.75
5-9,7.0,*,3.71
5-9,5.0,*,2.68
5-9,10.0,*,5.3
5-9,7.0,*,3.7
5-9,6.0,*,3.15
5-9,6.0,*,3.29
5-9,128.0,,4.58
5-9,45.0,,1.87
5-9,15.0,*,2.23
5-9,96.0,,2.26
5-9,83.0,,3.77
5-9,72.0,,3.42
5-9,65.0,,2.05
5-9,160.0,,6.59
5-9,28.0,,2.5
5-9,51.0,,1.25
5-9,39.0,,1.98
5-9,687.0,,1.76
5-9,732.0,,1.9
5-9,685.0,,1.8
5-9,834.0,,2.21
5-9,722.0,,1.91
5-9,644.0,,1.69
5-9,617.0,,1.6
5-9,659.0,,1.71
5-9,778.0,,2.0
5-9,700.0,,1.79
5-9,738.0,,1.89
5-9,716.0,,1.83
5-9,758.0,,1.93
5-9,742.0,,1.9
5-9,813.0,,2.1
5-9,687.0,,1.76
5-9,732.0,,1.9
5-9,685.0,,1.8
5-9,834.0,,2.21
5-9,722.0,,1.91
5-9,644.0,,1.69
5-9,617.0,,1.6
5-9,659.0,,1.71
5-9,778.0,,2.0
5-9,700.0,,1.79
5-9,738.0,,1.89
5-9,716.0,,1.83
5-9,758.0,,1.93
5-9,742.0,,1.9
5-9,813.0,,2.1
5-9,10825.0,,1.87
5-9,687.0,,1.76
5-9,732.0,,1.9
5-9,685.0,,1.8
5-9,834.0,,2.21
5-9,723.0,,1.91
5-9,644.0,,1.69
5-9,617.0,,1.6
5-9,659.0,,1.71
5-9,779.0,,2.01
5-9,700.0,,1.79
5-9,738.0,,1.89
5-9,716.0,,1.83
5-9,758.0,,1.93
5-9,743.0,,1.91
5-9,813.0,,2.1
5-9,687.0,,1.76
5-9,732.0,,1.9
5-9,685.0,,1.8
5-9,834.0,,2.21
5-9,723.0,,1.91
5-9,644.0,,1.69
5-9,617.0,,1.6
5-9,659.0,,1.71
5-9,779.0,,2.01
5-9,700.0,,1.79
5-9,738.0,,1.89
5-9,716.0,,1.83
5-9,758.0,,1.93
5-9,743.0,,1.91
5-9,813.0,,2.1
5-9,10828.0,,1.87
10-14,47.0,,2.38
10-14,16.0,*,0.84
10-14,20.0,,3.62
10-14,67.0,,2.54
10-14,6.0,*,2.36
10-14,7.0,*,2.71
10-14,5.0,*,1.87
10-14,13.0,*,4.87
10-14,7.0,*,2.59
10-14,14.0,*,5.18
10-14,9.0,*,3.36
10-14,12.0,*,4.54
10-14,5.0,*,1.94
10-14,6.0,*,2.38
10-14,8.0,*,3.35
10-14,11.0,*,4.69
10-14,9.0,*,3.86
10-14,7.0,*,3.08
10-14,14.0,*,6.22
10-14,6.0,*,2.36
10-14,7.0,*,2.71
10-14,5.0,*,1.87
10-14,13.0,*,4.87
10-14,7.0,*,2.59
10-14,14.0,*,5.18
10-14,9.0,*,3.36
10-14,12.0,*,4.54
10-14,5.0,*,1.94
10-14,6.0,*,2.38
10-14,8.0,*,3.35
10-14,11.0,*,4.69
10-14,9.0,*,3.86
10-14,7.0,*,3.08
10-14,14.0,*,6.22
10-14,133.0,,3.51
10-14,53.0,,3.65
10-14,77.0,,4.14
10-14,24.0,,1.5
10-14,34.0,,2.55
10-14,16.0,*,1.81
10-14,7.0,*,0.79
10-14,9.0,*,1.01
10-14,9.0,*,1.02
10-14,12.0,*,1.38
10-14,15.0,*,1.71
10-14,14.0,*,1.58
10-14,14.0,*,1.58
10-14,16.0,*,1.8
10-14,7.0,*,0.77
10-14,12.0,*,1.29
10-14,7.0,*,0.75
10-14,15.0,*,1.6
10-14,12.0,*,1.27
10-14,11.0,*,1.15
10-14,16.0,*,1.81
10-14,7.0,*,0.79
10-14,9.0,*,1.01
10-14,9.0,*,1.02
10-14,12.0,*,1.38
10-14,15.0,*,1.71
10-14,14.0,*,1.58
10-14,14.0,*,1.58
10-14,16.0,*,1.8
10-14,7.0,*,0.77
10-14,12.0,*,1.29
10-14,7.0,*,0.75
10-14,15.0,*,1.6
10-14,12.0,*,1.27
10-14,11.0,*,1.15
10-14,176.0,,1.3
10-14,19.0,*,3.16
10-14,21.0,,3.53
10-14,14.0,*,2.34
10-14,10.0,*,1.71
10-14,26.0,,4.49
10-14,10.0,*,1.77
10-14,9.0,*,1.59
10-14,12.0,*,2.15
10-14,6.0,*,1.08
10-14,12.0,*,2.17
10-14,13.0,*,2.36
10-14,21.0,,3.83
10-14,19.0,*,3.45
10-14,11.0,*,2.03
10-14,15.0,*,2.79
10-14,19.0,*,3.16
10-14,21.0,,3.53
10-14,14.0,*,2.34
10-14,10.0,*,1.71
10-14,26.0,,4.49
10-14,10.0,*,1.77
10-14,9.0,*,1.59
10-14,12.0,*,2.15
10-14,6.0,*,1.08
10-14,12.0,*,2.17
10-14,13.0,*,2.36
10-14,21.0,,3.83
10-14,19.0,*,3.45
10-14,11.0,*,2.03
10-14,15.0,*,2.79
10-14,218.0,,2.57
10-14,149.0,,3.66
10-14,24.0,,2.25
10-14,113.0,,2.6
10-14,95.0,,2.69
10-14,150.0,,2.16
10-14,28.0,,2.76
10-14,16.0,*,2.47
10-14,12.0,*,1.72
10-14,17.0,*,2.37
10-14,11.0,*,1.54
10-14,14.0,*,1.92
10-14,19.0,*,2.57
10-14,14.0,*,1.9
10-14,9.0,*,1.19
10-14,15.0,*,1.96
10-14,12.0,*,1.55
10-14,14.0,*,1.81
10-14,11.0,*,1.42
10-14,19.0,*,2.46
10-14,11.0,*,1.44
10-14,14.0,*,1.85
10-14,18.0,*,2.43
10-14,12.0,*,1.72
10-14,17.0,*,2.37
10-14,11.0,*,1.54
10-14,14.0,*,1.92
10-14,19.0,*,2.57
10-14,14.0,*,1.9
10-14,9.0,*,1.19
10-14,15.0,*,1.96
10-14,12.0,*,1.55
10-14,14.0,*,1.81
10-14,11.0,*,1.42
10-14,19.0,*,2.46
10-14,11.0,*,1.44
10-14,14.0,*,1.85
10-14,18.0,*,2.43
10-14,210.0,,1.87
10-14,45.0,,3.0
10-14,11.0,*,1.44
10-14,66.0,,0.79
10-14,6.0,*,0.82
10-14,31.0,,2.32
10-14,31.0,,2.27
10-14,29.0,,2.07
10-14,28.0,,1.97
10-14,26.0,,1.84
10-14,27.0,,1.85
10-14,23.0,,1.56
10-14,23.0,,1.54
10-14,23.0,,1.51
10-14,23.0,,1.48
10-14,35.0,,2.21
10-14,21.0,,1.31
10-14,53.0,,3.25
10-14,34.0,,2.04
10-14,57.0,,3.42
10-14,31.0,,2.32
10-14,31.0,,2.27
10-14,29.0,,2.07
10-14,28.0,,1.97
10-14,26.0,,1.84
10-14,27.0,,1.85
10-14,23.0,,1.56
10-14,23.0,,1.54
10-14,23.0,,1.51
10-14,23.0,,1.48
10-14,35.0,,2.21
10-14,21.0,,1.31
10-14,53.0,,3.25
10-14,34.0,,2.04
10-14,57.0,,3.42
10-14,464.0,,2.06
10-14,53.0,,2.4
10-14,148.0,,2.01
10-14,45.0,,2.66
10-14,74.0,,2.88
10-14,14.0,*,1.68
10-14,32.0,,1.77
10-14,26.0,,2.81
10-14,16.0,*,1.59
10-14,79.0,,4.9
10-14,13.0,*,0.95
10-14,14.0,*,5.73
10-14,8.0,*,3.23
10-14,11.0,*,4.46
10-14,8.0,*,3.34
10-14,11.0,*,4.59
10-14,12.0,*,5.1
10-14,5.0,*,2.19
10-14,8.0,*,3.49
10-14,14.0,*,6.02
10-14,8.0,*,3.46
10-14,7.0,*,2.97
10-14,10.0,*,4.33
10-14,12.0,*,5.16
10-14,11.0,*,4.87
10-14,15.0,*,7.06
10-14,14.0,*,5.73
10-14,8.0,*,3.23
10-14,11.0,*,4.46
10-14,8.0,*,3.34
10-14,11.0,*,4.59
10-14,12.0,*,5.1
10-14,5.0,*,2.19
10-14,8.0,*,3.49
10-14,14.0,*,6.02
10-14,8.0,*,3.46
10-14,7.0,*,2.97
10-14,10.0,*,4.33
10-14,12.0,*,5.16
10-14,11.0,*,4.87
10-14,15.0,*,7.06
10-14,154.0,,4.39
10-14,15.0,*,1.98
10-14,23.0,,3.03
10-14,10.0,*,1.32
10-14,11.0,*,1.45
10-14,9.0,*,1.21
10-14,16.0,*,2.15
10-14,19.0,*,2.6
10-14,16.0,*,2.2
10-14,12.0,*,1.65
10-14,28.0,,3.86
10-14,21.0,,2.93
10-14,17.0,*,2.41
10-14,18.0,*,2.57
10-14,16.0,*,2.3
10-14,20.0,,2.93
10-14,15.0,*,1.98
10-14,23.0,,3.03
10-14,10.0,*,1.32
10-14,11.0,*,1.45
10-14,9.0,*,1.21
10-14,16.0,*,2.15
10-14,19.0,*,2.6
10-14,16.0,*,2.2
10-14,12.0,*,1.65
10-14,28.0,,3.86
10-14,21.0,,2.93
10-14,17.0,*,2.41
10-14,18.0,*,2.57
10-14,16.0,*,2.3
10-14,20.0,,2.93
10-14,251.0,,2.3
10-14,28.0,,1.81
10-14,18.0,*,2.48
10-14,27.0,,1.81
10-14,33.0,,2.2
10-14,30.0,,1.97
10-14,39.0,,2.56
10-14,29.0,,1.9
10-14,19.0,*,1.23
10-14,33.0,,2.14
10-14,42.0,,2.72
10-14,43.0,,2.76
10-14,36.0,,2.31
10-14,29.0,,1.86
10-14,22.0,,1.4
10-14,16.0,*,1.0
10-14,24.0,,1.49
10-14,32.0,,1.97
10-14,27.0,,1.81
10-14,33.0,,2.2
10-14,30.0,,1.97
10-14,39.0,,2.56
10-14,29.0,,1.9
10-14,19.0,*,1.23
10-14,33.0,,2.14
10-14,42.0,,2.72
10-14,43.0,,2.76
10-14,36.0,,2.31
10-14,29.0,,1.86
10-14,22.0,,1.4
10-14,16.0,*,1.0
10-14,24.0,,1.49
10-14,32.0,,1.97
10-14,454.0,,1.95
10-14,23.0,,2.3
10-14,21.0,,2.38
10-14,50.0,,2.29
10-14,13.0,*,1.72
10-14,17.0,*,1.75
10-14,124.0,,2.98
10-14,34.0,,3.19
10-14,117.0,,2.41
10-14,134.0,,2.74
10-14,123.0,,2.53
10-14,111.0,,2.32
10-14,88.0,,1.9
10-14,80.0,,1.76
10-14,79.0,,1.77
10-14,79.0,,1.79
10-14,69.0,,1.56
10-14,84.0,,1.88
10-14,87.0,,1.93
10-14,70.0,,1.56
10-14,92.0,,2.05
10-14,108.0,,2.41
10-14,134.0,,2.97
10-14,117.0,,2.41
10-14,134.0,,2.74
10-14,123.0,,2.53
10-14,111.0,,2.32
10-14,88.0,,1.9
10-14,80.0,,1.76
10-14,79.0,,1.77
10-14,79.0,,1.79
10-14,69.0,,1.56
10-14,84.0,,1.88
10-14,87.0,,1.93
10-14,70.0,,1.56
10-14,92.0,,2.05
10-14,108.0,,2.41
10-14,134.0,,2.97
10-14,1455.0,,2.12
10-14,20.0,,2.65
10-14,34.0,,4.43
10-14,27.0,,3.5
10-14,28.0,,3.57
10-14,33.0,,4.23
10-14,24.0,,3.08
10-14,19.0,*,2.45
10-14,24.0,,3.05
10-14,23.0,,2.94
10-14,25.0,,3.14
10-14,30.0,,3.65
10-14,28.0,,3.47
10-14,33.0,,4.04
10-14,15.0,*,1.81
10-14,19.0,*,2.26
10-14,20.0,,2.65
10-14,34.0,,4.43
10-14,27.0,,3.5
10-14,28.0,,3.57
10-14,33.0,,4.23
10-14,24.0,,3.08
10-14,19.0,*,2.45
10-14,24.0,,3.05
10-14,23.0,,2.94
10-14,25.0,,3.14
10-14,30.0,,3.65
10-14,28.0,,3.47
10-14,33.0,,4.04
10-14,15.0,*,1.81
10-14,19.0,*,2.26
10-14,382.0,,3.21
10-14,23.0,,1.41
10-14,39.0,,2.38
10-14,28.0,,1.7
10-14,31.0,,1.91
10-14,23.0,,1.45
10-14,16.0,*,1.02
10-14,20.0,,1.28
10-14,17.0,*,1.1
10-14,31.0,,2.01
10-14,29.0,,1.88
10-14,25.0,,1.62
10-14,27.0,,1.76
10-14,20.0,,1.31
10-14,16.0,*,1.05
10-14,28.0,,1.85
10-14,23.0,,1.41
10-14,39.0,,2.38
10-14,28.0,,1.7
10-14,31.0,,1.91
10-14,23.0,,1.45
10-14,16.0,*,1.02
10-14,20.0,,1.28
10-14,17.0,*,1.1
10-14,31.0,,2.01
10-14,29.0,,1.88
10-14,25.0,,1.62
10-14,27.0,,1.76
10-14,20.0,,1.31
10-14,16.0,*,1.05
10-14,28.0,,1.85
10-14,373.0,,1.59
10-14,69.0,,1.41
10-14,8.0,*,1.81
10-14,176.0,,4.69
10-14,83.0,,2.3
10-14,7.0,*,2.49
10-14,6.0,*,2.08
10-14,5.0,*,1.72
10-14,15.0,*,5.07
10-14,8.0,*,2.72
10-14,6.0,*,2.01
10-14,6.0,*,2.01
10-14,10.0,*,3.4
10-14,14.0,*,4.75
10-14,5.0,*,1.7
10-14,9.0,*,3.01
10-14,6.0,*,2.02
10-14,5.0,*,1.75
10-14,6.0,*,2.11
10-14,8.0,*,2.87
10-14,7.0,*,2.49
10-14,6.0,*,2.08
10-14,5.0,*,1.72
10-14,15.0,*,5.07
10-14,8.0,*,2.72
10-14,6.0,*,2.01
10-14,6.0,*,2.01
10-14,10.0,*,3.4
10-14,14.0,*,4.75
10-14,5.0,*,1.7
10-14,9.0,*,3.01
10-14,6.0,*,2.02
10-14,5.0,*,1.75
10-14,6.0,*,2.11
10-14,8.0,*,2.87
10-14,116.0,,2.65
10-14,160.0,,2.63
10-14,34.0,,2.48
10-14,28.0,,2.04
10-14,33.0,,2.05
10-14,57.0,,4.5
10-14,15.0,*,1.61
10-14,51.0,,1.75
10-14,56.0,,2.05
10-14,73.0,,2.75
10-14,34.0,,2.58
10-14,30.0,,1.78
10-14,14.0,*,1.5
10-14,15.0,*,1.21
10-14,44.0,,2.22
10-14,42.0,,2.12
10-14,10.0,*,2.51
10-14,13.0,*,3.25
10-14,11.0,*,2.69
10-14,13.0,*,3.15
10-14,13.0,*,3.11
10-14,10.0,*,2.35
10-14,14.0,*,3.24
10-14,10.0,*,2.35
10-14,11.0,*,2.55
10-14,10.0,*,2.33
10-14,13.0,*,3.03
10-14,7.0,*,1.63
10-14,10.0,*,2.37
10-14,10.0,*,2.45
10-14,12.0,*,2.97
10-14,10.0,*,2.51
10-14,13.0,*,3.25
10-14,11.0,*,2.69
10-14,13.0,*,3.15
10-14,13.0,*,3.11
10-14,10.0,*,2.35
10-14,14.0,*,3.24
10-14,10.0,*,2.35
10-14,11.0,*,2.55
10-14,10.0,*,2.33
10-14,13.0,*,3.03
10-14,7.0,*,1.63
10-14,10.0,*,2.37
10-14,10.0,*,2.45
10-14,12.0,*,2.97
10-14,167.0,,2.66
10-14,15.0,*,0.9
10-14,26.0,,2.43
10-14,19.0,*,1.28
10-14,18.0,*,2.11
10-14,66.0,,2.94
10-14,51.0,,2.57
10-14,102.0,,2.31
10-14,121.0,,2.98
10-14,65.0,,3.57
10-14,10.0,*,1.79
10-14,12.0,*,2.07
10-14,16.0,*,2.73
10-14,10.0,*,1.65
10-14,11.0,*,1.83
10-14,9.0,*,1.5
10-14,6.0,*,0.98
10-14,9.0,*,1.43
10-14,8.0,*,1.26
10-14,5.0,*,0.79
10-14,8.0,*,1.25
10-14,6.0,*,0.93
10-14,11.0,*,1.68
10-14,16.0,*,2.41
10-14,11.0,*,1.64
10-14,10.0,*,1.79
10-14,12.0,*,2.07
10-14,16.0,*,2.73
10-14,10.0,*,1.65
10-14,11.0,*,1.83
10-14,9.0,*,1.5
10-14,6.0,*,0.98
10-14,9.0,*,1.43
10-14,8.0,*,1.26
10-14,5.0,*,0.79
10-14,8.0,*,1.25
10-14,6.0,*,0.93
10-14,11.0,*,1.68
10-14,16.0,*,2.41
10-14,11.0,*,1.64
10-14,148.0,,1.59
10-14,84.0,,2.64
10-14,63.0,,1.34
10-14,9.0,*,1.76
10-14,19.0,*,1.83
10-14,79.0,,3.18
10-14,82.0,,3.04
10-14,29.0,,4.43
10-14,88.0,,6.07
10-14,63.0,,2.77
10-14,5.0,*,1.01
10-14,26.0,,4.34
10-14,109.0,,2.57
10-14,26.0,,2.89
10-14,9.0,*,1.28
10-14,31.0,,1.25
10-14,43.0,,1.71
10-14,42.0,,1.65
10-14,39.0,,1.52
10-14,27.0,,1.05
10-14,29.0,,1.11
10-14,22.0,,0.84
10-14,31.0,,1.18
10-14,23.0,,0.87
10-14,33.0,,1.24
10-14,42.0,,1.56
10-14,46.0,,1.71
10-14,44.0,,1.63
10-14,39.0,,1.44
10-14,41.0,,1.52
10-14,31.0,,1.25
10-14,43.0,,1.71
10-14,42.0,,1.65
10-14,39.0,,1.52
10-14,27.0,,1.05
10-14,29.0,,1.11
10-14,22.0,,0.84
10-14,31.0,,1.18
10-14,23.0,,0.87
10-14,33.0,,1.24
10-14,42.0,,1.56
10-14,46.0,,1.71
10-14,44.0,,1.63
10-14,39.0,,1.44
10-14,41.0,,1.52
10-14,532.0,,1.35
10-14,27.0,,3.02
10-14,15.0,*,3.87
10-14,16.0,*,4.14
10-14,21.0,,5.48
10-14,24.0,,6.15
10-14,13.0,*,3.35
10-14,17.0,*,4.46
10-14,12.0,*,3.1
10-14,17.0,*,4.36
10-14,16.0,*,4.14
10-14,13.0,*,3.3
10-14,22.0,,5.46
10-14,8.0,*,1.96
10-14,22.0,,5.32
10-14,17.0,*,4.12
10-14,20.0,,4.81
10-14,15.0,*,3.87
10-14,16.0,*,4.14
10-14,21.0,,5.48
10-14,24.0,,6.15
10-14,13.0,*,3.35
10-14,17.0,*,4.46
10-14,12.0,*,3.1
10-14,17.0,*,4.36
10-14,16.0,*,4.14
10-14,13.0,*,3.3
10-14,22.0,,5.46
10-14,8.0,*,1.96
10-14,22.0,,5.32
10-14,17.0,*,4.12
10-14,20.0,,4.81
10-14,253.0,,4.27
10-14,45.0,,1.81
10-14,40.0,,1.62
10-14,63.0,,2.57
10-14,49.0,,2.04
10-14,46.0,,2.03
10-14,34.0,,1.62
10-14,30.0,,1.54
10-14,23.0,,1.26
10-14,9.0,*,0.52
10-14,16.0,*,0.95
10-14,18.0,*,1.08
10-14,22.0,,1.36
10-14,21.0,,1.33
10-14,28.0,,1.78
10-14,21.0,,1.39
10-14,45.0,,1.81
10-14,40.0,,1.62
10-14,63.0,,2.57
10-14,49.0,,2.04
10-14,46.0,,2.03
10-14,34.0,,1.62
10-14,30.0,,1.54
10-14,23.0,,1.26
10-14,9.0,*,0.52
10-14,16.0,*,0.95
10-14,18.0,*,1.08
10-14,22.0,,1.36
10-14,21.0,,1.33
10-14,28.0,,1.78
10-14,21.0,,1.39
10-14,465.0,,1.59
10-14,101.0,,1.34
10-14,113.0,,1.49
10-14,130.0,,1.71
10-14,125.0,,1.65
10-14,129.0,,1.74
10-14,116.0,,1.59
10-14,79.0,,1.11
10-14,88.0,,1.25
10-14,92.0,,1.34
10-14,94.0,,1.38
10-14,78.0,,1.17
10-14,102.0,,1.55
10-14,92.0,,1.42
10-14,73.0,,1.13
10-14,92.0,,1.44
10-14,101.0,,1.34
10-14,113.0,,1.49
10-14,130.0,,1.71
10-14,125.0,,1.65
10-14,129.0,,1.74
10-14,116.0,,1.59
10-14,79.0,,1.11
10-14,88.0,,1.25
10-14,92.0,,1.34
10-14,94.0,,1.38
10-14,78.0,,1.17
10-14,102.0,,1.55
10-14,92.0,,1.42
10-14,73.0,,1.13
10-14,92.0,,1.44
10-14,1504.0,,1.43
10-14,25.0,,1.28
10-14,108.0,,3.69
10-14,70.0,,2.55
10-14,15.0,*,2.1
10-14,123.0,,2.71
10-14,118.0,,4.88
10-14,57.0,,2.55
10-14,85.0,,2.58
10-14,130.0,,4.99
10-14,30.0,,2.39
10-14,70.0,,1.63
10-14,8.0,*,3.64
10-14,36.0,,1.77
10-14,862.0,,2.07
10-14,956.0,,2.29
10-14,936.0,,2.23
10-14,1001.0,,2.4
10-14,890.0,,2.17
10-14,786.0,,1.93
10-14,662.0,,1.65
10-14,762.0,,1.91
10-14,789.0,,1.99
10-14,764.0,,1.92
10-14,765.0,,1.93
10-14,724.0,,1.84
10-14,824.0,,2.1
10-14,777.0,,1.98
10-14,935.0,,2.4
10-14,862.0,,2.07
10-14,956.0,,2.29
10-14,936.0,,2.23
10-14,1001.0,,2.4
10-14,890.0,,2.17
10-14,786.0,,1.93
10-14,662.0,,1.65
10-14,762.0,,1.91
10-14,789.0,,1.99
10-14,764.0,,1.92
10-14,765.0,,1.93
10-14,724.0,,1.84
10-14,824.0,,2.1
10-14,777.0,,1.98
10-14,935.0,,2.4
10-14,12433.0,,2.06
10-14,863.0,,2.08
10-14,956.0,,2.29
10-14,936.0,,2.23
10-14,1002.0,,2.4
10-14,891.0,,2.17
10-14,787.0,,1.93
10-14,662.0,,1.65
10-14,762.0,,1.91
10-14,789.0,,1.99
10-14,764.0,,1.92
10-14,765.0,,1.93
10-14,724.0,,1.84
10-14,825.0,,2.1
10-14,777.0,,1.98
10-14,935.0,,2.4
10-14,863.0,,2.08
10-14,956.0,,2.29
10-14,936.0,,2.23
10-14,1002.0,,2.4
10-14,891.0,,2.17
10-14,787.0,,1.93
10-14,662.0,,1.65
10-14,762.0,,1.91
10-14,789.0,,1.99
10-14,764.0,,1.92
10-14,765.0,,1.93
10-14,724.0,,1.84
10-14,825.0,,2.1
10-14,777.0,,1.98
10-14,935.0,,2.4
10-14,12438.0,,2.06
15-17,50.0,,3.99
15-17,26.0,,2.23
15-17,27.0,,6.68
15-17,81.0,,4.59
15-17,117.0,,5.08
15-17,36.0,,4.2
15-17,59.0,,5.06
15-17,37.0,,3.61
15-17,22.0,,2.7
15-17,16.0,*,3.07
15-17,12.0,*,2.29
15-17,14.0,*,2.7
15-17,14.0,*,2.68
15-17,20.0,,3.67
15-17,14.0,*,2.49
15-17,15.0,*,2.7
15-17,23.0,,4.18
15-17,22.0,,4.0
15-17,8.0,*,1.46
15-17,11.0,*,2.01
15-17,10.0,*,1.82
15-17,12.0,*,2.19
15-17,14.0,*,2.53
15-17,11.0,*,1.97
15-17,16.0,*,3.07
15-17,12.0,*,2.29
15-17,14.0,*,2.7
15-17,14.0,*,2.68
15-17,20.0,,3.67
15-17,14.0,*,2.49
15-17,15.0,*,2.7
15-17,23.0,,4.18
15-17,22.0,,4.0
15-17,8.0,*,1.46
15-17,11.0,*,2.01
15-17,10.0,*,1.82
15-17,12.0,*,2.19
15-17,14.0,*,2.53
15-17,11.0,*,1.97
15-17,216.0,,2.65
15-17,282.0,,5.3
15-17,15.0,*,7.82
15-17,13.0,*,6.91
15-17,7.0,*,3.91
15-17,13.0,*,7.34
15-17,8.0,*,4.62
15-17,12.0,*,6.96
15-17,11.0,*,6.59
15-17,13.0,*,7.45
15-17,5.0,*,2.97
15-17,12.0,*,7.28
15-17,6.0,*,3.59
15-17,10.0,*,6.18
15-17,10.0,*,6.19
15-17,6.0,*,3.59
15-17,12.0,*,6.84
15-17,15.0,*,7.82
15-17,13.0,*,6.91
15-17,7.0,*,3.91
15-17,13.0,*,7.34
15-17,8.0,*,4.62
15-17,12.0,*,6.96
15-17,11.0,*,6.59
15-17,13.0,*,7.45
15-17,5.0,*,2.97
15-17,12.0,*,7.28
15-17,6.0,*,3.59
15-17,10.0,*,6.18
15-17,10.0,*,6.19
15-17,6.0,*,3.59
15-17,12.0,*,6.84
15-17,153.0,,5.91
15-17,30.0,,4.74
15-17,123.0,,4.41
15-17,116.0,,4.97
15-17,121.0,,2.83
15-17,33.0,,5.0
15-17,19.0,*,4.55
15-17,24.0,,6.01
15-17,10.0,*,2.43
15-17,18.0,*,4.26
15-17,7.0,*,1.66
15-17,16.0,*,3.66
15-17,15.0,*,3.27
15-17,26.0,,5.59
15-17,22.0,,4.83
15-17,24.0,,5.36
15-17,21.0,,4.63
15-17,23.0,,5.05
15-17,11.0,*,2.4
15-17,20.0,,4.4
15-17,18.0,*,3.94
15-17,22.0,,4.66
15-17,24.0,,6.01
15-17,10.0,*,2.43
15-17,18.0,*,4.26
15-17,7.0,*,1.66
15-17,16.0,*,3.66
15-17,15.0,*,3.27
15-17,26.0,,5.59
15-17,22.0,,4.83
15-17,24.0,,5.36
15-17,21.0,,4.63
15-17,23.0,,5.05
15-17,11.0,*,2.4
15-17,20.0,,4.4
15-17,18.0,*,3.94
15-17,22.0,,4.66
15-17,277.0,,4.15
15-17,46.0,,4.79
15-17,7.0,*,1.43
15-17,110.0,,2.29
15-17,33.0,,4.08
15-17,40.0,,4.86
15-17,45.0,,5.48
15-17,25.0,,3.01
15-17,43.0,,5.03
15-17,37.0,,4.17
15-17,38.0,,4.19
15-17,28.0,,3.1
15-17,42.0,,4.53
15-17,52.0,,5.66
15-17,40.0,,4.26
15-17,43.0,,4.58
15-17,42.0,,4.4
15-17,40.0,,4.16
15-17,59.0,,6.02
15-17,33.0,,4.08
15-17,40.0,,4.86
15-17,45.0,,5.48
15-17,25.0,,3.01
15-17,43.0,,5.03
15-17,37.0,,4.17
15-17,38.0,,4.19
15-17,28.0,,3.1
15-17,42.0,,4.53
15-17,52.0,,5.66
15-17,40.0,,4.26
15-17,43.0,,4.58
15-17,42.0,,4.4
15-17,40.0,,4.16
15-17,59.0,,6.02
15-17,607.0,,4.51
15-17,56.0,,4.02
15-17,6.0,*,1.97
15-17,7.0,*,2.33
15-17,12.0,*,3.98
15-17,7.0,*,2.36
15-17,10.0,*,3.33
15-17,9.0,*,2.98
15-17,8.0,*,2.65
15-17,8.0,*,2.68
15-17,12.0,*,4.0
15-17,10.0,*,3.44
15-17,8.0,*,2.7
15-17,12.0,*,4.03
15-17,6.0,*,2.01
15-17,11.0,*,3.77
15-17,20.0,,6.81
15-17,6.0,*,1.97
15-17,7.0,*,2.33
15-17,12.0,*,3.98
15-17,7.0,*,2.36
15-17,10.0,*,3.33
15-17,9.0,*,2.98
15-17,8.0,*,2.65
15-17,8.0,*,2.68
15-17,12.0,*,4.0
15-17,10.0,*,3.44
15-17,8.0,*,2.7
15-17,12.0,*,4.03
15-17,6.0,*,2.01
15-17,11.0,*,3.77
15-17,20.0,,6.81
15-17,146.0,,3.26
15-17,49.0,,4.67
15-17,98.0,,6.17
15-17,16.0,*,3.06
15-17,41.0,,3.62
15-17,25.0,,4.35
15-17,17.0,*,2.59
15-17,71.0,,7.12
15-17,12.0,*,1.36
15-17,135.0,,6.32
15-17,24.0,,5.13
15-17,27.0,,5.64
15-17,19.0,*,4.05
15-17,14.0,*,3.03
15-17,19.0,*,4.1
15-17,19.0,*,4.01
15-17,19.0,*,3.98
15-17,28.0,,5.96
15-17,24.0,,5.24
15-17,26.0,,5.89
15-17,23.0,,5.3
15-17,17.0,*,4.05
15-17,23.0,,5.35
15-17,19.0,*,4.5
15-17,26.0,,6.03
15-17,24.0,,5.13
15-17,27.0,,5.64
15-17,19.0,*,4.05
15-17,14.0,*,3.03
15-17,19.0,*,4.1
15-17,19.0,*,4.01
15-17,19.0,*,3.98
15-17,28.0,,5.96
15-17,24.0,,5.24
15-17,26.0,,5.89
15-17,23.0,,5.3
15-17,17.0,*,4.05
15-17,23.0,,5.35
15-17,19.0,*,4.5
15-17,26.0,,6.03
15-17,327.0,,4.81
15-17,25.0,,2.52
15-17,17.0,*,3.55
15-17,27.0,,2.92
15-17,39.0,,4.25
15-17,38.0,,4.16
15-17,41.0,,4.45
15-17,29.0,,3.11
15-17,44.0,,4.63
15-17,37.0,,3.87
15-17,40.0,,4.13
15-17,38.0,,3.97
15-17,39.0,,4.07
15-17,43.0,,4.54
15-17,35.0,,3.66
15-17,30.0,,3.18
15-17,25.0,,2.63
15-17,27.0,,2.8
15-17,27.0,,2.92
15-17,39.0,,4.25
15-17,38.0,,4.16
15-17,41.0,,4.45
15-17,29.0,,3.11
15-17,44.0,,4.63
15-17,37.0,,3.87
15-17,40.0,,4.13
15-17,38.0,,3.97
15-17,39.0,,4.07
15-17,43.0,,4.54
15-17,35.0,,3.66
15-17,30.0,,3.18
15-17,25.0,,2.63
15-17,27.0,,2.8
15-17,532.0,,3.76
15-17,28.0,,4.54
15-17,20.0,,3.71
15-17,71.0,,5.26
15-17,19.0,*,3.79
15-17,7.0,*,2.47
15-17,17.0,*,2.88
15-17,150.0,,5.88
15-17,48.0,,7.02
15-17,109.0,,3.92
15-17,121.0,,4.36
15-17,139.0,,4.97
15-17,126.0,,4.46
15-17,112.0,,3.84
15-17,126.0,,4.31
15-17,128.0,,4.4
15-17,132.0,,4.65
15-17,106.0,,3.82
15-17,100.0,,3.68
15-17,97.0,,3.71
15-17,102.0,,3.96
15-17,138.0,,5.35
15-17,161.0,,6.15
15-17,147.0,,5.52
15-17,109.0,,3.92
15-17,121.0,,4.36
15-17,139.0,,4.97
15-17,126.0,,4.46
15-17,112.0,,3.84
15-17,126.0,,4.31
15-17,128.0,,4.4
15-17,132.0,,4.65
15-17,106.0,,3.82
15-17,100.0,,3.68
15-17,97.0,,3.71
15-17,102.0,,3.96
15-17,138.0,,5.35
15-17,161.0,,6.15
15-17,147.0,,5.52
15-17,1844.0,,4.46
15-17,29.0,,6.42
15-17,17.0,*,3.77
15-17,25.0,,5.54
15-17,28.0,,6.17
15-17,27.0,,5.85
15-17,24.0,,5.0
15-17,34.0,,6.89
15-17,33.0,,6.79
15-17,36.0,,7.47
15-17,40.0,,8.36
15-17,19.0,*,3.99
15-17,24.0,,5.2
15-17,29.0,,6.25
15-17,27.0,,5.65
15-17,20.0,,4.05
15-17,29.0,,6.42
15-17,17.0,*,3.77
15-17,25.0,,5.54
15-17,28.0,,6.17
15-17,27.0,,5.85
15-17,24.0,,5.0
15-17,34.0,,6.89
15-17,33.0,,6.79
15-17,36.0,,7.47
15-17,40.0,,8.36
15-17,19.0,*,3.99
15-17,24.0,,5.2
15-17,29.0,,6.25
15-17,27.0,,5.65
15-17,20.0,,4.05
15-17,412.0,,5.83
15-17,40.0,,4.13
15-17,41.0,,4.17
15-17,30.0,,3.07
15-17,31.0,,3.13
15-17,29.0,,2.91
15-17,41.0,,4.06
15-17,39.0,,3.92
15-17,31.0,,3.17
15-17,25.0,,2.57
15-17,30.0,,3.16
15-17,34.0,,3.68
15-17,21.0,,2.3
15-17,43.0,,4.74
15-17,34.0,,3.7
15-17,35.0,,3.73
15-17,40.0,,4.13
15-17,41.0,,4.17
15-17,30.0,,3.07
15-17,31.0,,3.13
15-17,29.0,,2.91
15-17,41.0,,4.06
15-17,39.0,,3.92
15-17,31.0,,3.17
15-17,25.0,,2.57
15-17,30.0,,3.16
15-17,34.0,,3.68
15-17,21.0,,2.3
15-17,43.0,,4.74
15-17,34.0,,3.7
15-17,35.0,,3.73
15-17,504.0,,3.5
15-17,77.0,,2.59
15-17,152.0,,6.64
15-17,107.0,,4.51
15-17,7.0,*,4.14
15-17,7.0,*,4.15
15-17,11.0,*,6.47
15-17,7.0,*,4.11
15-17,8.0,*,4.49
15-17,6.0,*,3.49
15-17,5.0,*,2.76
15-17,10.0,*,5.51
15-17,11.0,*,6.14
15-17,11.0,*,6.25
15-17,7.0,*,4.09
15-17,6.0,*,3.47
15-17,6.0,*,3.43
15-17,6.0,*,3.42
15-17,5.0,*,2.75
15-17,7.0,*,4.14
15-17,7.0,*,4.15
15-17,11.0,*,6.47
15-17,7.0,*,4.11
15-17,8.0,*,4.49
15-17,6.0,*,3.49
15-17,5.0,*,2.76
15-17,10.0,*,5.51
15-17,11.0,*,6.14
15-17,11.0,*,6.25
15-17,7.0,*,4.09
15-17,6.0,*,3.47
15-17,6.0,*,3.43
15-17,6.0,*,3.42
15-17,5.0,*,2.75
15-17,113.0,,4.31
15-17,170.0,,4.65
15-17,40.0,,4.48
15-17,60.0,,6.81
15-17,36.0,,3.74
15-17,58.0,,7.17
15-17,19.0,*,3.11
15-17,61.0,,3.54
15-17,57.0,,3.44
15-17,62.0,,3.77
15-17,37.0,,4.5
15-17,31.0,,3.05
15-17,13.0,*,2.15
15-17,31.0,,3.84
15-17,49.0,,3.99
15-17,54.0,,4.39
15-17,166.0,,4.27
15-17,27.0,,2.32
15-17,26.0,,3.69
15-17,15.0,*,1.66
15-17,10.0,*,1.81
15-17,77.0,,5.67
15-17,73.0,,5.83
15-17,109.0,,4.08
15-17,143.0,,5.43
15-17,86.0,,7.53
15-17,20.0,,5.85
15-17,17.0,*,4.94
15-17,11.0,*,3.24
15-17,9.0,*,2.6
15-17,10.0,*,2.75
15-17,14.0,*,3.8
15-17,15.0,*,3.95
15-17,21.0,,5.56
15-17,15.0,*,3.95
15-17,16.0,*,4.13
15-17,15.0,*,3.79
15-17,15.0,*,3.77
15-17,11.0,*,2.8
15-17,13.0,*,3.26
15-17,15.0,*,3.68
15-17,20.0,,5.85
15-17,17.0,*,4.94
15-17,11.0,*,3.24
15-17,9.0,*,2.6
15-17,10.0,*,2.75
15-17,14.0,*,3.8
15-17,15.0,*,3.95
15-17,21.0,,5.56
15-17,15.0,*,3.95
15-17,16.0,*,4.13
15-17,15.0,*,3.79
15-17,15.0,*,3.77
15-17,11.0,*,2.8
15-17,13.0,*,3.26
15-17,15.0,*,3.68
15-17,217.0,,3.86
15-17,108.0,,5.16
15-17,87.0,,3.06
15-17,7.0,*,2.26
15-17,8.0,*,1.24
15-17,56.0,,3.75
15-17,72.0,,4.27
15-17,31.0,,7.06
15-17,108.0,,11.98
15-17,79.0,,5.5
15-17,7.0,*,2.27
15-17,18.0,*,4.99
15-17,124.0,,4.66
15-17,45.0,,7.84
15-17,9.0,*,2.0
15-17,44.0,,3.12
15-17,58.0,,3.99
15-17,62.0,,4.2
15-17,66.0,,4.39
15-17,61.0,,3.94
15-17,64.0,,4.02
15-17,60.0,,3.73
15-17,74.0,,4.64
15-17,52.0,,3.29
15-17,44.0,,2.8
15-17,52.0,,3.31
15-17,70.0,,4.39
15-17,63.0,,3.92
15-17,71.0,,4.38
15-17,76.0,,4.58
15-17,44.0,,3.12
15-17,58.0,,3.99
15-17,62.0,,4.2
15-17,66.0,,4.39
15-17,61.0,,3.94
15-17,64.0,,4.02
15-17,60.0,,3.73
15-17,74.0,,4.64
15-17,52.0,,3.29
15-17,44.0,,2.8
15-17,52.0,,3.31
15-17,70.0,,4.39
15-17,63.0,,3.92
15-17,71.0,,4.38
15-17,76.0,,4.58
15-17,917.0,,3.92
15-17,21.0,,3.67
15-17,22.0,,9.06
15-17,19.0,*,7.62
15-17,15.0,*,6.06
15-17,23.0,,9.17
15-17,17.0,*,6.9
15-17,16.0,*,6.26
15-17,16.0,*,6.48
15-17,20.0,,8.25
15-17,14.0,*,5.88
15-17,16.0,*,6.6
15-17,13.0,*,5.4
15-17,8.0,*,3.36
15-17,7.0,*,2.93
15-17,19.0,*,8.3
15-17,19.0,*,7.8
15-17,22.0,,9.06
15-17,19.0,*,7.62
15-17,15.0,*,6.06
15-17,23.0,,9.17
15-17,17.0,*,6.9
15-17,16.0,*,6.26
15-17,16.0,*,6.48
15-17,20.0,,8.25
15-17,14.0,*,5.88
15-17,16.0,*,6.6
15-17,13.0,*,5.4
15-17,8.0,*,3.36
15-17,7.0,*,2.93
15-17,19.0,*,8.3
15-17,19.0,*,7.8
15-17,244.0,,6.68
15-17,65.0,,4.63
15-17,54.0,,3.98
15-17,62.0,,4.58
15-17,64.0,,4.77
15-17,40.0,,2.97
15-17,51.0,,3.78
15-17,26.0,,1.93
15-17,38.0,,2.87
15-17,30.0,,2.34
15-17,40.0,,3.29
15-17,28.0,,2.58
15-17,30.0,,2.97
15-17,25.0,,2.62
15-17,22.0,,2.38
15-17,36.0,,3.95
15-17,65.0,,4.63
15-17,54.0,,3.98
15-17,62.0,,4.58
15-17,64.0,,4.77
15-17,40.0,,2.97
15-17,51.0,,3.78
15-17,26.0,,1.93
15-17,38.0,,2.87
15-17,30.0,,2.34
15-17,40.0,,3.29
15-17,28.0,,2.58
15-17,30.0,,2.97
15-17,25.0,,2.62
15-17,22.0,,2.38
15-17,36.0,,3.95
15-17,611.0,,3.36
15-17,151.0,,3.35
15-17,166.0,,3.67
15-17,155.0,,3.43
15-17,130.0,,2.89
15-17,157.0,,3.4
15-17,143.0,,3.07
15-17,142.0,,3.04
15-17,141.0,,3.08
15-17,119.0,,2.62
15-17,122.0,,2.73
15-17,117.0,,2.71
15-17,111.0,,2.64
15-17,92.0,,2.24
15-17,112.0,,2.76
15-17,154.0,,3.8
15-17,151.0,,3.35
15-17,166.0,,3.67
15-17,155.0,,3.43
15-17,130.0,,2.89
15-17,157.0,,3.4
15-17,143.0,,3.07
15-17,142.0,,3.04
15-17,141.0,,3.08
15-17,119.0,,2.62
15-17,122.0,,2.73
15-17,117.0,,2.71
15-17,111.0,,2.64
15-17,92.0,,2.24
15-17,112.0,,2.76
15-17,154.0,,3.8
15-17,2012.0,,3.03
15-17,35.0,,2.89
15-17,104.0,,5.39
15-17,62.0,,3.56
15-17,24.0,,5.47
15-17,10.0,*,6.09
15-17,6.0,*,3.82
15-17,8.0,*,5.03
15-17,13.0,*,7.99
15-17,12.0,*,6.75
15-17,7.0,*,3.97
15-17,14.0,*,7.45
15-17,9.0,*,4.68
15-17,11.0,*,5.67
15-17,15.0,*,7.65
15-17,12.0,*,5.99
15-17,9.0,*,4.5
15-17,7.0,*,3.46
15-17,9.0,*,4.43
15-17,15.0,*,7.07
15-17,10.0,*,6.09
15-17,6.0,*,3.82
15-17,8.0,*,5.03
15-17,13.0,*,7.99
15-17,12.0,*,6.75
15-17,7.0,*,3.97
15-17,14.0,*,7.45
15-17,9.0,*,4.68
15-17,11.0,*,5.67
15-17,15.0,*,7.65
15-17,12.0,*,5.99
15-17,9.0,*,4.5
15-17,7.0,*,3.46
15-17,9.0,*,4.43
15-17,15.0,*,7.07
15-17,157.0,,5.64
15-17,106.0,,6.64
15-17,64.0,,4.31
15-17,92.0,,4.56
15-17,84.0,,5.14
15-17,37.0,,4.54
15-17,77.0,,3.06
15-17,56.0,,4.29
15-17,1003.0,,4.02
15-17,1061.0,,4.24
15-17,1073.0,,4.3
15-17,1038.0,,4.14
15-17,1024.0,,4.01
15-17,1049.0,,4.05
15-17,1000.0,,3.85
15-17,1041.0,,4.07
15-17,938.0,,3.73
15-17,942.0,,3.8
15-17,917.0,,3.78
15-17,862.0,,3.61
15-17,932.0,,3.94
15-17,960.0,,4.05
15-17,1102.0,,4.6
15-17,1003.0,,4.02
15-17,1061.0,,4.24
15-17,1073.0,,4.3
15-17,1038.0,,4.14
15-17,1024.0,,4.01
15-17,1049.0,,4.05
15-17,1000.0,,3.85
15-17,1041.0,,4.07
15-17,938.0,,3.73
15-17,942.0,,3.8
15-17,917.0,,3.78
15-17,862.0,,3.61
15-17,932.0,,3.94
15-17,960.0,,4.05
15-17,1102.0,,4.6
15-17,14942.0,,4.01
15-17,1004.0,,4.02
15-17,1061.0,,4.24
15-17,1073.0,,4.3
15-17,1039.0,,4.15
15-17,1026.0,,4.02
15-17,1050.0,,4.05
15-17,1000.0,,3.85
15-17,1042.0,,4.08
15-17,938.0,,3.73
15-17,942.0,,3.8
15-17,917.0,,3.78
15-17,862.0,,3.61
15-17,932.0,,3.94
15-17,960.0,,4.05
15-17,1105.0,,4.61
15-17,1004.0,,4.02
15-17,1061.0,,4.24
15-17,1073.0,,4.3
15-17,1039.0,,4.15
15-17,1026.0,,4.02
15-17,1050.0,,4.05
15-17,1000.0,,3.85
15-17,1042.0,,4.08
15-17,938.0,,3.73
15-17,942.0,,3.8
15-17,917.0,,3.78
15-17,862.0,,3.61
15-17,932.0,,3.94
15-17,960.0,,4.05
15-17,1105.0,,4.61
15-17,14951.0,,4.01
